===== SSAS-PROXY DEBUG LOG =====
===== EXECUTE REQUEST =====
MDX: SELECT NON EMPTY Hierarchize({DrilldownLevel({[ProductCategory].[ProductCategory].[All]},,,INCLUDE_CALC_MEMBERS)}) DIMENSION PROPERTIES PARENT_UNIQUE_NAME,HIERARCHY_UNIQUE_NAME,[ProductCategory].[ProductCategory].[ProductCategory]MEMBER_CAPTION,[ProductCategory].[ProductCategory].[ProductCategory]MEMBER_NAME,[ProductCategory].[ProductCategory].[ProductCategory]MEMBER_UNIQUE_NAME,[ProductCategory].[ProductCategory].[ProductCategory]MEMBER_KEY,[ProductCategory].[ProductCategory].[ProductCategory]MEMBER_TYPE,[ProductCategory].[ProductCategory].[ProductCategory]MEMBER_VALUE,[ProductCategory].[ProductCategory].[ProductCategory]LEVEL_NUMBER,[ProductCategory].[ProductCategory].[ProductCategory]LEVEL_UNIQUE_NAME,[ProductCategory].[ProductCategory].[ProductCategory]PARENT_LEVEL,[ProductCategory].[ProductCategory].[ProductCategory]PARENT_UNIQUE_NAME,[ProductCategory].[ProductCategory].[ProductCategory]PARENT_COUNT,[ProductCategory].[ProductCategory].[ProductCategory]CHILDREN_CARDINALITY ON COLUMNS  FROM [Model] CELL PROPERTIES VALUE, FORMAT_STRING, BACK_COLOR, FORE_COLOR
REQUEST XML:
<soap:Envelope xmlns:soap="http://schemas.xmlsoap.org/soap/envelope/"><soap:Header><Session xmlns="urn:schemas-microsoft-com:xml-analysis" SessionId="RUST-SESSION-456"/></soap:Header><soap:Body><Execute xmlns="urn:schemas-microsoft-com:xml-analysis"><Command><Statement>SELECT NON EMPTY Hierarchize({DrilldownLevel({[ProductCategory].[ProductCategory].[All]},,,INCLUDE_CALC_MEMBERS)}) DIMENSION PROPERTIES PARENT_UNIQUE_NAME,HIERARCHY_UNIQUE_NAME,[ProductCategory].[ProductCategory].[ProductCategory]MEMBER_CAPTION,[ProductCategory].[ProductCategory].[ProductCategory]MEMBER_NAME,[ProductCategory].[ProductCategory].[ProductCategory]MEMBER_UNIQUE_NAME,[ProductCategory].[ProductCategory].[ProductCategory]MEMBER_KEY,[ProductCategory].[ProductCategory].[ProductCategory]MEMBER_TYPE,[ProductCategory].[ProductCategory].[ProductCategory]MEMBER_VALUE,[ProductCategory].[ProductCategory].[ProductCategory]LEVEL_NUMBER,[ProductCategory].[ProductCategory].[ProductCategory]LEVEL_UNIQUE_NAME,[ProductCategory].[ProductCategory].[ProductCategory]PARENT_LEVEL,[ProductCategory].[ProductCategory].[ProductCategory]PARENT_UNIQUE_NAME,[ProductCategory].[ProductCategory].[ProductCategory]PARENT_COUNT,[ProductCategory].[ProductCategory].[ProductCategory]CHILDREN_CARDINALITY ON COLUMNS  FROM [Model] CELL PROPERTIES VALUE, FORMAT_STRING, BACK_COLOR, FORE_COLOR</Statement></Command><Properties><PropertyList><Catalog>KTH_KEX_MALLOY_CUBE</Catalog><Timeout>0</Timeout><Format>Native</Format><DbpropMsmdFlattened2>false</DbpropMsmdFlattened2><SspropInitAppName>Excel</SspropInitAppName><SafetyOptions>2</SafetyOptions><Dialect>MDX</Dialect><ClientProcessID>10980</ClientProcessID><MdxMissingMemberMode>Error</MdxMissingMemberMode><DbpropMsmdOptimizeResponse>9</DbpropMsmdOptimizeResponse><DbpropMsmdActivityID>A4BBEEB6-1DB9-4A9A-9A65-4105122C7559</DbpropMsmdActivityID><DbpropMsmdRequestID>6E9CE02C-1BA8-4624-B0C0-F19E1D939529</DbpropMsmdRequestID><DbpropMsmdCurrentActivityID>A4BBEEB6-1DB9-4A9A-9A65-4105122C7559</DbpropMsmdCurrentActivityID><LocaleIdentifier>1033</LocaleIdentifier><DbpropMsmdMDXCompatibility>1</DbpropMsmdMDXCompatibility><DbpropMsmdSubqueries>2</DbpropMsmdSubqueries></PropertyList></Properties></Execute></soap:Body></soap:Envelope>
RESPONSE XML:
<soap:Envelope xmlns:soap="http://schemas.xmlsoap.org/soap/envelope/">
  <soap:Header>
    <Session xmlns="urn:schemas-microsoft-com:xml-analysis" SessionId="RUST-SESSION-456" />
  </soap:Header>
  <soap:Body>
    <ExecuteResponse xmlns="urn:schemas-microsoft-com:xml-analysis">
      <return>
        <root xmlns="urn:schemas-microsoft-com:xml-analysis:mddataset"
              xmlns:xsi="http://www.w3.org/2001/XMLSchema-instance"
              xmlns:xsd="http://www.w3.org/2001/XMLSchema">
          <xsd:schema targetNamespace="urn:schemas-microsoft-com:xml-analysis:mddataset"
                       elementFormDefault="qualified"
                       xmlns="urn:schemas-microsoft-com:xml-analysis:mddataset">
            <xsd:element name="root">
              <xsd:complexType>
                <xsd:sequence>
                  <xsd:any namespace="http://www.w3.org/2001/XMLSchema"
                           processContents="strict" minOccurs="0"/>
                  <xsd:element name="OlapInfo" minOccurs="0"/>
                  <xsd:element name="Axes" minOccurs="0"/>
                  <xsd:element name="CellData" minOccurs="0"/>
                </xsd:sequence>
              </xsd:complexType>
            </xsd:element>
          </xsd:schema>
          <OlapInfo>
            <CubeInfo>
              <Cube>
                <CubeName>Model</CubeName>
              </Cube>
            </CubeInfo>
            <AxesInfo>
              <AxisInfo name="Axis0">
                <HierarchyInfo name="[ProductCategory].[ProductCategory]">
                  <UName name="[ProductCategory].[ProductCategory].[MEMBER_UNIQUE_NAME]" type="xsd:string"/>
                  <Caption name="[ProductCategory].[ProductCategory].[MEMBER_CAPTION]" type="xsd:string"/>
                  <LName name="[ProductCategory].[ProductCategory].[LEVEL_UNIQUE_NAME]" type="xsd:string"/>
                  <LNum name="[ProductCategory].[ProductCategory].[LEVEL_NUMBER]" type="xsd:int"/>
                  <DisplayInfo name="[ProductCategory].[ProductCategory].[DISPLAY_INFO]" type="xsd:unsignedInt"/>
                  <PARENT_UNIQUE_NAME name="[ProductCategory].[ProductCategory].[PARENT_UNIQUE_NAME]" type="xsd:string"/>
                  <HIERARCHY_UNIQUE_NAME name="[ProductCategory].[ProductCategory].[HIERARCHY_UNIQUE_NAME]" type="xsd:string"/>
                  <MEMBER_NAME name="[ProductCategory].[ProductCategory].[MEMBER_NAME]" type="xsd:string"/>
                  <MEMBER_KEY name="[ProductCategory].[ProductCategory].[MEMBER_KEY]" type="xsd:string"/>
                  <MEMBER_TYPE name="[ProductCategory].[ProductCategory].[MEMBER_TYPE]" type="xsd:int"/>
                  <MEMBER_VALUE name="[ProductCategory].[ProductCategory].[MEMBER_VALUE]" type="xsd:string"/>
                  <PARENT_LEVEL name="[ProductCategory].[ProductCategory].[PARENT_LEVEL]" type="xsd:int"/>
                  <PARENT_COUNT name="[ProductCategory].[ProductCategory].[PARENT_COUNT]" type="xsd:int"/>
                  <CHILDREN_CARDINALITY name="[ProductCategory].[ProductCategory].[CHILDREN_CARDINALITY]" type="xsd:unsignedInt"/>
                </HierarchyInfo>
              </AxisInfo>
              <AxisInfo name="SlicerAxis">
                <HierarchyInfo name="[Measures]">
                  <UName name="[Measures].[MEMBER_UNIQUE_NAME]" type="xsd:string"/>
                  <Caption name="[Measures].[MEMBER_CAPTION]" type="xsd:string"/>
                  <LName name="[Measures].[LEVEL_UNIQUE_NAME]" type="xsd:string"/>
                  <LNum name="[Measures].[LEVEL_NUMBER]" type="xsd:int"/>
                  <DisplayInfo name="[Measures].[DISPLAY_INFO]" type="xsd:unsignedInt"/>
                </HierarchyInfo>
                <HierarchyInfo name="[Region].[Region]">
                  <UName name="[Region].[Region].[MEMBER_UNIQUE_NAME]" type="xsd:string"/>
                  <Caption name="[Region].[Region].[MEMBER_CAPTION]" type="xsd:string"/>
                  <LName name="[Region].[Region].[LEVEL_UNIQUE_NAME]" type="xsd:string"/>
                  <LNum name="[Region].[Region].[LEVEL_NUMBER]" type="xsd:int"/>
                  <DisplayInfo name="[Region].[Region].[DISPLAY_INFO]" type="xsd:unsignedInt"/>
                </HierarchyInfo>
              </AxisInfo>
            </AxesInfo>
            <CellInfo>
              <Value name="VALUE"/>
              <FormatString name="FORMAT_STRING" type="xsd:string"/>
              <BackColor name="BACK_COLOR" type="xsd:string"/>
              <ForeColor name="FORE_COLOR" type="xsd:string"/>
            </CellInfo>
          </OlapInfo>
          <Axes>
            <Axis name="Axis0">
              <Tuples>
                <Tuple>
                  <Member Hierarchy="[ProductCategory].[ProductCategory]">
                    <UName>[ProductCategory].[ProductCategory].&amp;[Category A]</UName>
                    <Caption>Category A</Caption>
                    <LName>[ProductCategory].[ProductCategory].[ProductCategory]</LName>
                    <LNum>1</LNum>
                    <DisplayInfo>3</DisplayInfo>
                    <PARENT_UNIQUE_NAME>[ProductCategory].[ProductCategory].[All]</PARENT_UNIQUE_NAME>
                    <HIERARCHY_UNIQUE_NAME>[ProductCategory].[ProductCategory]</HIERARCHY_UNIQUE_NAME>
                    <MEMBER_NAME>Category A</MEMBER_NAME>
                    <MEMBER_KEY>Category A</MEMBER_KEY>
                    <MEMBER_TYPE>1</MEMBER_TYPE>
                    <MEMBER_VALUE>Category A</MEMBER_VALUE>
                    <PARENT_LEVEL>0</PARENT_LEVEL>
                    <PARENT_COUNT>1</PARENT_COUNT>
                    <CHILDREN_CARDINALITY>0</CHILDREN_CARDINALITY>
                  </Member>
                </Tuple>
                <Tuple>
                  <Member Hierarchy="[ProductCategory].[ProductCategory]">
                    <UName>[ProductCategory].[ProductCategory].&amp;[Category B]</UName>
                    <Caption>Category B</Caption>
                    <LName>[ProductCategory].[ProductCategory].[ProductCategory]</LName>
                    <LNum>1</LNum>
                    <DisplayInfo>3</DisplayInfo>
                    <PARENT_UNIQUE_NAME>[ProductCategory].[ProductCategory].[All]</PARENT_UNIQUE_NAME>
                    <HIERARCHY_UNIQUE_NAME>[ProductCategory].[ProductCategory]</HIERARCHY_UNIQUE_NAME>
                    <MEMBER_NAME>Category B</MEMBER_NAME>
                    <MEMBER_KEY>Category B</MEMBER_KEY>
                    <MEMBER_TYPE>1</MEMBER_TYPE>
                    <MEMBER_VALUE>Category B</MEMBER_VALUE>
                    <PARENT_LEVEL>0</PARENT_LEVEL>
                    <PARENT_COUNT>1</PARENT_COUNT>
                    <CHILDREN_CARDINALITY>0</CHILDREN_CARDINALITY>
                  </Member>
                </Tuple>
                <Tuple>
                  <Member Hierarchy="[ProductCategory].[ProductCategory]">
                    <UName>[ProductCategory].[ProductCategory].&amp;[Category C]</UName>
                    <Caption>Category C</Caption>
                    <LName>[ProductCategory].[ProductCategory].[ProductCategory]</LName>
                    <LNum>1</LNum>
                    <DisplayInfo>3</DisplayInfo>
                    <PARENT_UNIQUE_NAME>[ProductCategory].[ProductCategory].[All]</PARENT_UNIQUE_NAME>
                    <HIERARCHY_UNIQUE_NAME>[ProductCategory].[ProductCategory]</HIERARCHY_UNIQUE_NAME>
                    <MEMBER_NAME>Category C</MEMBER_NAME>
                    <MEMBER_KEY>Category C</MEMBER_KEY>
                    <MEMBER_TYPE>1</MEMBER_TYPE>
                    <MEMBER_VALUE>Category C</MEMBER_VALUE>
                    <PARENT_LEVEL>0</PARENT_LEVEL>
                    <PARENT_COUNT>1</PARENT_COUNT>
                    <CHILDREN_CARDINALITY>0</CHILDREN_CARDINALITY>
                  </Member>
                </Tuple>
                <Tuple>
                  <Member Hierarchy="[ProductCategory].[ProductCategory]">
                    <UName>[ProductCategory].[ProductCategory].&amp;[Category D]</UName>
                    <Caption>Category D</Caption>
                    <LName>[ProductCategory].[ProductCategory].[ProductCategory]</LName>
                    <LNum>1</LNum>
                    <DisplayInfo>3</DisplayInfo>
                    <PARENT_UNIQUE_NAME>[ProductCategory].[ProductCategory].[All]</PARENT_UNIQUE_NAME>
                    <HIERARCHY_UNIQUE_NAME>[ProductCategory].[ProductCategory]</HIERARCHY_UNIQUE_NAME>
                    <MEMBER_NAME>Category D</MEMBER_NAME>
                    <MEMBER_KEY>Category D</MEMBER_KEY>
                    <MEMBER_TYPE>1</MEMBER_TYPE>
                    <MEMBER_VALUE>Category D</MEMBER_VALUE>
                    <PARENT_LEVEL>0</PARENT_LEVEL>
                    <PARENT_COUNT>1</PARENT_COUNT>
                    <CHILDREN_CARDINALITY>0</CHILDREN_CARDINALITY>
                  </Member>
                </Tuple>
              </Tuples>
            </Axis>
            <Axis name="SlicerAxis">
              <Tuples>
                <Tuple>
                  <Member Hierarchy="[Measures]">
                    <UName>[Measures].[Total Sales]</UName>
                    <Caption>Total Sales (SEK)</Caption>
                    <LName>[Measures].[MeasuresLevel]</LName>
                    <LNum>0</LNum>
                    <DisplayInfo>131072</DisplayInfo>
                  </Member>
                  <Member Hierarchy="[Region].[Region]">
                    <UName>[Region].[Region].[All]</UName>
                    <Caption>All</Caption>
                    <LName>[Region].[Region].[(All)]</LName>
                    <LNum>0</LNum>
                    <DisplayInfo>5</DisplayInfo>
                  </Member>
                </Tuple>
              </Tuples>
            </Axis>
          </Axes>
          <CellData>
            <Cell CellOrdinal="0">
              <Value xsi:type="xsd:double">300000</Value>
              <FormatString>#,##0.00 SEK</FormatString>
              <BackColor></BackColor>
              <ForeColor></ForeColor>
            </Cell>
            <Cell CellOrdinal="1">
              <Value xsi:type="xsd:double">250000</Value>
              <FormatString>#,##0.00 SEK</FormatString>
              <BackColor></BackColor>
              <ForeColor></ForeColor>
            </Cell>
            <Cell CellOrdinal="2">
              <Value xsi:type="xsd:double">400000</Value>
              <FormatString>#,##0.00 SEK</FormatString>
              <BackColor></BackColor>
              <ForeColor></ForeColor>
            </Cell>
            <Cell CellOrdinal="3">
              <Value xsi:type="xsd:double">300500.5</Value>
              <FormatString>#,##0.00 SEK</FormatString>
              <BackColor></BackColor>
              <ForeColor></ForeColor>
            </Cell>
          </CellData>
        </root>
      </return>
    </ExecuteResponse>
  </soap:Body>
</soap:Envelope>
===== EXECUTE REQUEST =====
MDX: SELECT NON EMPTY CrossJoin(Hierarchize({DrilldownLevel({[ProductCategory].[ProductCategory].[All]},,,INCLUDE_CALC_MEMBERS)}), Hierarchize({DrilldownLevel({[Region].[Region].[All]},,,INCLUDE_CALC_MEMBERS)})) DIMENSION PROPERTIES PARENT_UNIQUE_NAME,HIERARCHY_UNIQUE_NAME,[Region].[Region].[Region]MEMBER_CAPTION,[Region].[Region].[Region]MEMBER_NAME,[Region].[Region].[Region]MEMBER_UNIQUE_NAME,[Region].[Region].[Region]MEMBER_KEY,[Region].[Region].[Region]MEMBER_TYPE,[Region].[Region].[Region]MEMBER_VALUE,[Region].[Region].[Region]LEVEL_NUMBER,[Region].[Region].[Region]LEVEL_UNIQUE_NAME,[Region].[Region].[Region]PARENT_LEVEL,[Region].[Region].[Region]PARENT_UNIQUE_NAME,[Region].[Region].[Region]PARENT_COUNT,[Region].[Region].[Region]CHILDREN_CARDINALITY,[ProductCategory].[ProductCategory].[ProductCategory]MEMBER_CAPTION,[ProductCategory].[ProductCategory].[ProductCategory]MEMBER_NAME,[ProductCategory].[ProductCategory].[ProductCategory]MEMBER_UNIQUE_NAME,[ProductCategory].[ProductCategory].[ProductCategory]MEMBER_KEY,[ProductCategory].[ProductCategory].[ProductCategory]MEMBER_TYPE,[ProductCategory].[ProductCategory].[ProductCategory]MEMBER_VALUE,[ProductCategory].[ProductCategory].[ProductCategory]LEVEL_NUMBER,[ProductCategory].[ProductCategory].[ProductCategory]LEVEL_UNIQUE_NAME,[ProductCategory].[ProductCategory].[ProductCategory]PARENT_LEVEL,[ProductCategory].[ProductCategory].[ProductCategory]PARENT_UNIQUE_NAME,[ProductCategory].[ProductCategory].[ProductCategory]PARENT_COUNT,[ProductCategory].[ProductCategory].[ProductCategory]CHILDREN_CARDINALITY ON COLUMNS  FROM [Model] CELL PROPERTIES VALUE, FORMAT_STRING, BACK_COLOR, FORE_COLOR
REQUEST XML:
<soap:Envelope xmlns:soap="http://schemas.xmlsoap.org/soap/envelope/"><soap:Header><Session xmlns="urn:schemas-microsoft-com:xml-analysis" SessionId="RUST-SESSION-456"/></soap:Header><soap:Body><Execute xmlns="urn:schemas-microsoft-com:xml-analysis"><Command><Statement>SELECT NON EMPTY CrossJoin(Hierarchize({DrilldownLevel({[ProductCategory].[ProductCategory].[All]},,,INCLUDE_CALC_MEMBERS)}), Hierarchize({DrilldownLevel({[Region].[Region].[All]},,,INCLUDE_CALC_MEMBERS)})) DIMENSION PROPERTIES PARENT_UNIQUE_NAME,HIERARCHY_UNIQUE_NAME,[Region].[Region].[Region]MEMBER_CAPTION,[Region].[Region].[Region]MEMBER_NAME,[Region].[Region].[Region]MEMBER_UNIQUE_NAME,[Region].[Region].[Region]MEMBER_KEY,[Region].[Region].[Region]MEMBER_TYPE,[Region].[Region].[Region]MEMBER_VALUE,[Region].[Region].[Region]LEVEL_NUMBER,[Region].[Region].[Region]LEVEL_UNIQUE_NAME,[Region].[Region].[Region]PARENT_LEVEL,[Region].[Region].[Region]PARENT_UNIQUE_NAME,[Region].[Region].[Region]PARENT_COUNT,[Region].[Region].[Region]CHILDREN_CARDINALITY,[ProductCategory].[ProductCategory].[ProductCategory]MEMBER_CAPTION,[ProductCategory].[ProductCategory].[ProductCategory]MEMBER_NAME,[ProductCategory].[ProductCategory].[ProductCategory]MEMBER_UNIQUE_NAME,[ProductCategory].[ProductCategory].[ProductCategory]MEMBER_KEY,[ProductCategory].[ProductCategory].[ProductCategory]MEMBER_TYPE,[ProductCategory].[ProductCategory].[ProductCategory]MEMBER_VALUE,[ProductCategory].[ProductCategory].[ProductCategory]LEVEL_NUMBER,[ProductCategory].[ProductCategory].[ProductCategory]LEVEL_UNIQUE_NAME,[ProductCategory].[ProductCategory].[ProductCategory]PARENT_LEVEL,[ProductCategory].[ProductCategory].[ProductCategory]PARENT_UNIQUE_NAME,[ProductCategory].[ProductCategory].[ProductCategory]PARENT_COUNT,[ProductCategory].[ProductCategory].[ProductCategory]CHILDREN_CARDINALITY ON COLUMNS  FROM [Model] CELL PROPERTIES VALUE, FORMAT_STRING, BACK_COLOR, FORE_COLOR</Statement></Command><Properties><PropertyList><Catalog>KTH_KEX_MALLOY_CUBE</Catalog><Timeout>0</Timeout><Format>Native</Format><DbpropMsmdFlattened2>false</DbpropMsmdFlattened2><SspropInitAppName>Excel</SspropInitAppName><SafetyOptions>2</SafetyOptions><Dialect>MDX</Dialect><ClientProcessID>10980</ClientProcessID><MdxMissingMemberMode>Error</MdxMissingMemberMode><DbpropMsmdOptimizeResponse>9</DbpropMsmdOptimizeResponse><DbpropMsmdActivityID>A4BBEEB6-1DB9-4A9A-9A65-4105122C7559</DbpropMsmdActivityID><DbpropMsmdRequestID>093DD132-A754-4E5F-85E2-35DB72C346A4</DbpropMsmdRequestID><DbpropMsmdCurrentActivityID>A4BBEEB6-1DB9-4A9A-9A65-4105122C7559</DbpropMsmdCurrentActivityID><LocaleIdentifier>1033</LocaleIdentifier><DbpropMsmdMDXCompatibility>1</DbpropMsmdMDXCompatibility><DbpropMsmdSubqueries>2</DbpropMsmdSubqueries></PropertyList></Properties></Execute></soap:Body></soap:Envelope>
RESPONSE XML:
<soap:Envelope xmlns:soap="http://schemas.xmlsoap.org/soap/envelope/">
  <soap:Header>
    <Session xmlns="urn:schemas-microsoft-com:xml-analysis" SessionId="RUST-SESSION-456" />
  </soap:Header>
  <soap:Body>
    <ExecuteResponse xmlns="urn:schemas-microsoft-com:xml-analysis">
      <return>
        <root xmlns="urn:schemas-microsoft-com:xml-analysis:mddataset"
              xmlns:xsi="http://www.w3.org/2001/XMLSchema-instance"
              xmlns:xsd="http://www.w3.org/2001/XMLSchema">
          <xsd:schema targetNamespace="urn:schemas-microsoft-com:xml-analysis:mddataset"
                       elementFormDefault="qualified"
                       xmlns="urn:schemas-microsoft-com:xml-analysis:mddataset">
            <xsd:element name="root">
              <xsd:complexType>
                <xsd:sequence>
                  <xsd:any namespace="http://www.w3.org/2001/XMLSchema"
                           processContents="strict" minOccurs="0"/>
                  <xsd:element name="OlapInfo" minOccurs="0"/>
                  <xsd:element name="Axes" minOccurs="0"/>
                  <xsd:element name="CellData" minOccurs="0"/>
                </xsd:sequence>
              </xsd:complexType>
            </xsd:element>
          </xsd:schema>
          <OlapInfo>
            <CubeInfo>
              <Cube>
                <CubeName>Model</CubeName>
              </Cube>
            </CubeInfo>
            <AxesInfo>
              <AxisInfo name="Axis0">
                <HierarchyInfo name="[ProductCategory].[ProductCategory]">
                  <UName name="[ProductCategory].[ProductCategory].[MEMBER_UNIQUE_NAME]" type="xsd:string"/>
                  <Caption name="[ProductCategory].[ProductCategory].[MEMBER_CAPTION]" type="xsd:string"/>
                  <LName name="[ProductCategory].[ProductCategory].[LEVEL_UNIQUE_NAME]" type="xsd:string"/>
                  <LNum name="[ProductCategory].[ProductCategory].[LEVEL_NUMBER]" type="xsd:int"/>
                  <DisplayInfo name="[ProductCategory].[ProductCategory].[DISPLAY_INFO]" type="xsd:unsignedInt"/>
                  <PARENT_UNIQUE_NAME name="[ProductCategory].[ProductCategory].[PARENT_UNIQUE_NAME]" type="xsd:string"/>
                  <HIERARCHY_UNIQUE_NAME name="[ProductCategory].[ProductCategory].[HIERARCHY_UNIQUE_NAME]" type="xsd:string"/>
                  <MEMBER_NAME name="[ProductCategory].[ProductCategory].[MEMBER_NAME]" type="xsd:string"/>
                  <MEMBER_KEY name="[ProductCategory].[ProductCategory].[MEMBER_KEY]" type="xsd:string"/>
                  <MEMBER_TYPE name="[ProductCategory].[ProductCategory].[MEMBER_TYPE]" type="xsd:int"/>
                  <MEMBER_VALUE name="[ProductCategory].[ProductCategory].[MEMBER_VALUE]" type="xsd:string"/>
                  <PARENT_LEVEL name="[ProductCategory].[ProductCategory].[PARENT_LEVEL]" type="xsd:int"/>
                  <PARENT_COUNT name="[ProductCategory].[ProductCategory].[PARENT_COUNT]" type="xsd:int"/>
                  <CHILDREN_CARDINALITY name="[ProductCategory].[ProductCategory].[CHILDREN_CARDINALITY]" type="xsd:unsignedInt"/>
                </HierarchyInfo>
                <HierarchyInfo name="[Region].[Region]">
                  <UName name="[Region].[Region].[MEMBER_UNIQUE_NAME]" type="xsd:string"/>
                  <Caption name="[Region].[Region].[MEMBER_CAPTION]" type="xsd:string"/>
                  <LName name="[Region].[Region].[LEVEL_UNIQUE_NAME]" type="xsd:string"/>
                  <LNum name="[Region].[Region].[LEVEL_NUMBER]" type="xsd:int"/>
                  <DisplayInfo name="[Region].[Region].[DISPLAY_INFO]" type="xsd:unsignedInt"/>
                  <PARENT_UNIQUE_NAME name="[Region].[Region].[PARENT_UNIQUE_NAME]" type="xsd:string"/>
                  <HIERARCHY_UNIQUE_NAME name="[Region].[Region].[HIERARCHY_UNIQUE_NAME]" type="xsd:string"/>
                  <MEMBER_NAME name="[Region].[Region].[MEMBER_NAME]" type="xsd:string"/>
                  <MEMBER_KEY name="[Region].[Region].[MEMBER_KEY]" type="xsd:string"/>
                  <MEMBER_TYPE name="[Region].[Region].[MEMBER_TYPE]" type="xsd:int"/>
                  <MEMBER_VALUE name="[Region].[Region].[MEMBER_VALUE]" type="xsd:string"/>
                  <PARENT_LEVEL name="[Region].[Region].[PARENT_LEVEL]" type="xsd:int"/>
                  <PARENT_COUNT name="[Region].[Region].[PARENT_COUNT]" type="xsd:int"/>
                  <CHILDREN_CARDINALITY name="[Region].[Region].[CHILDREN_CARDINALITY]" type="xsd:unsignedInt"/>
                </HierarchyInfo>
              </AxisInfo>
              <AxisInfo name="SlicerAxis">
                <HierarchyInfo name="[Measures]">
                  <UName name="[Measures].[MEMBER_UNIQUE_NAME]" type="xsd:string"/>
                  <Caption name="[Measures].[MEMBER_CAPTION]" type="xsd:string"/>
                  <LName name="[Measures].[LEVEL_UNIQUE_NAME]" type="xsd:string"/>
                  <LNum name="[Measures].[LEVEL_NUMBER]" type="xsd:int"/>
                  <DisplayInfo name="[Measures].[DISPLAY_INFO]" type="xsd:unsignedInt"/>
                </HierarchyInfo>
              </AxisInfo>
            </AxesInfo>
            <CellInfo>
              <Value name="VALUE"/>
              <FormatString name="FORMAT_STRING" type="xsd:string"/>
              <BackColor name="BACK_COLOR" type="xsd:string"/>
              <ForeColor name="FORE_COLOR" type="xsd:string"/>
            </CellInfo>
          </OlapInfo>
          <Axes>
            <Axis name="Axis0">
              <Tuples>
                <Tuple>
                  <Member Hierarchy="[ProductCategory].[ProductCategory]">
                    <UName>[ProductCategory].[ProductCategory].&amp;[Category A]</UName>
                    <Caption>Category A</Caption>
                    <LName>[ProductCategory].[ProductCategory].[ProductCategory]</LName>
                    <LNum>1</LNum>
                    <DisplayInfo>3</DisplayInfo>
                    <PARENT_UNIQUE_NAME>[ProductCategory].[ProductCategory].[All]</PARENT_UNIQUE_NAME>
                    <HIERARCHY_UNIQUE_NAME>[ProductCategory].[ProductCategory]</HIERARCHY_UNIQUE_NAME>
                    <MEMBER_NAME>Category A</MEMBER_NAME>
                    <MEMBER_KEY>Category A</MEMBER_KEY>
                    <MEMBER_TYPE>1</MEMBER_TYPE>
                    <MEMBER_VALUE>Category A</MEMBER_VALUE>
                    <PARENT_LEVEL>0</PARENT_LEVEL>
                    <PARENT_COUNT>1</PARENT_COUNT>
                    <CHILDREN_CARDINALITY>0</CHILDREN_CARDINALITY>
                  </Member>
                  <Member Hierarchy="[Region].[Region]">
                    <UName>[Region].[Region].&amp;[North]</UName>
                    <Caption>North</Caption>
                    <LName>[Region].[Region].[Region]</LName>
                    <LNum>1</LNum>
                    <DisplayInfo>3</DisplayInfo>
                    <PARENT_UNIQUE_NAME>[Region].[Region].[All]</PARENT_UNIQUE_NAME>
                    <HIERARCHY_UNIQUE_NAME>[Region].[Region]</HIERARCHY_UNIQUE_NAME>
                    <MEMBER_NAME>North</MEMBER_NAME>
                    <MEMBER_KEY>North</MEMBER_KEY>
                    <MEMBER_TYPE>1</MEMBER_TYPE>
                    <MEMBER_VALUE>North</MEMBER_VALUE>
                    <PARENT_LEVEL>0</PARENT_LEVEL>
                    <PARENT_COUNT>1</PARENT_COUNT>
                    <CHILDREN_CARDINALITY>0</CHILDREN_CARDINALITY>
                  </Member>
                </Tuple>
                <Tuple>
                  <Member Hierarchy="[ProductCategory].[ProductCategory]">
                    <UName>[ProductCategory].[ProductCategory].&amp;[Category A]</UName>
                    <Caption>Category A</Caption>
                    <LName>[ProductCategory].[ProductCategory].[ProductCategory]</LName>
                    <LNum>1</LNum>
                    <DisplayInfo>3</DisplayInfo>
                    <PARENT_UNIQUE_NAME>[ProductCategory].[ProductCategory].[All]</PARENT_UNIQUE_NAME>
                    <HIERARCHY_UNIQUE_NAME>[ProductCategory].[ProductCategory]</HIERARCHY_UNIQUE_NAME>
                    <MEMBER_NAME>Category A</MEMBER_NAME>
                    <MEMBER_KEY>Category A</MEMBER_KEY>
                    <MEMBER_TYPE>1</MEMBER_TYPE>
                    <MEMBER_VALUE>Category A</MEMBER_VALUE>
                    <PARENT_LEVEL>0</PARENT_LEVEL>
                    <PARENT_COUNT>1</PARENT_COUNT>
                    <CHILDREN_CARDINALITY>0</CHILDREN_CARDINALITY>
                  </Member>
                  <Member Hierarchy="[Region].[Region]">
                    <UName>[Region].[Region].&amp;[South]</UName>
                    <Caption>South</Caption>
                    <LName>[Region].[Region].[Region]</LName>
                    <LNum>1</LNum>
                    <DisplayInfo>3</DisplayInfo>
                    <PARENT_UNIQUE_NAME>[Region].[Region].[All]</PARENT_UNIQUE_NAME>
                    <HIERARCHY_UNIQUE_NAME>[Region].[Region]</HIERARCHY_UNIQUE_NAME>
                    <MEMBER_NAME>South</MEMBER_NAME>
                    <MEMBER_KEY>South</MEMBER_KEY>
                    <MEMBER_TYPE>1</MEMBER_TYPE>
                    <MEMBER_VALUE>South</MEMBER_VALUE>
                    <PARENT_LEVEL>0</PARENT_LEVEL>
                    <PARENT_COUNT>1</PARENT_COUNT>
                    <CHILDREN_CARDINALITY>0</CHILDREN_CARDINALITY>
                  </Member>
                </Tuple>
                <Tuple>
                  <Member Hierarchy="[ProductCategory].[ProductCategory]">
                    <UName>[ProductCategory].[ProductCategory].&amp;[Category B]</UName>
                    <Caption>Category B</Caption>
                    <LName>[ProductCategory].[ProductCategory].[ProductCategory]</LName>
                    <LNum>1</LNum>
                    <DisplayInfo>3</DisplayInfo>
                    <PARENT_UNIQUE_NAME>[ProductCategory].[ProductCategory].[All]</PARENT_UNIQUE_NAME>
                    <HIERARCHY_UNIQUE_NAME>[ProductCategory].[ProductCategory]</HIERARCHY_UNIQUE_NAME>
                    <MEMBER_NAME>Category B</MEMBER_NAME>
                    <MEMBER_KEY>Category B</MEMBER_KEY>
                    <MEMBER_TYPE>1</MEMBER_TYPE>
                    <MEMBER_VALUE>Category B</MEMBER_VALUE>
                    <PARENT_LEVEL>0</PARENT_LEVEL>
                    <PARENT_COUNT>1</PARENT_COUNT>
                    <CHILDREN_CARDINALITY>0</CHILDREN_CARDINALITY>
                  </Member>
                  <Member Hierarchy="[Region].[Region]">
                    <UName>[Region].[Region].&amp;[North]</UName>
                    <Caption>North</Caption>
                    <LName>[Region].[Region].[Region]</LName>
                    <LNum>1</LNum>
                    <DisplayInfo>3</DisplayInfo>
                    <PARENT_UNIQUE_NAME>[Region].[Region].[All]</PARENT_UNIQUE_NAME>
                    <HIERARCHY_UNIQUE_NAME>[Region].[Region]</HIERARCHY_UNIQUE_NAME>
                    <MEMBER_NAME>North</MEMBER_NAME>
                    <MEMBER_KEY>North</MEMBER_KEY>
                    <MEMBER_TYPE>1</MEMBER_TYPE>
                    <MEMBER_VALUE>North</MEMBER_VALUE>
                    <PARENT_LEVEL>0</PARENT_LEVEL>
                    <PARENT_COUNT>1</PARENT_COUNT>
                    <CHILDREN_CARDINALITY>0</CHILDREN_CARDINALITY>
                  </Member>
                </Tuple>
                <Tuple>
                  <Member Hierarchy="[ProductCategory].[ProductCategory]">
                    <UName>[ProductCategory].[ProductCategory].&amp;[Category B]</UName>
                    <Caption>Category B</Caption>
                    <LName>[ProductCategory].[ProductCategory].[ProductCategory]</LName>
                    <LNum>1</LNum>
                    <DisplayInfo>3</DisplayInfo>
                    <PARENT_UNIQUE_NAME>[ProductCategory].[ProductCategory].[All]</PARENT_UNIQUE_NAME>
                    <HIERARCHY_UNIQUE_NAME>[ProductCategory].[ProductCategory]</HIERARCHY_UNIQUE_NAME>
                    <MEMBER_NAME>Category B</MEMBER_NAME>
                    <MEMBER_KEY>Category B</MEMBER_KEY>
                    <MEMBER_TYPE>1</MEMBER_TYPE>
                    <MEMBER_VALUE>Category B</MEMBER_VALUE>
                    <PARENT_LEVEL>0</PARENT_LEVEL>
                    <PARENT_COUNT>1</PARENT_COUNT>
                    <CHILDREN_CARDINALITY>0</CHILDREN_CARDINALITY>
                  </Member>
                  <Member Hierarchy="[Region].[Region]">
                    <UName>[Region].[Region].&amp;[South]</UName>
                    <Caption>South</Caption>
                    <LName>[Region].[Region].[Region]</LName>
                    <LNum>1</LNum>
                    <DisplayInfo>3</DisplayInfo>
                    <PARENT_UNIQUE_NAME>[Region].[Region].[All]</PARENT_UNIQUE_NAME>
                    <HIERARCHY_UNIQUE_NAME>[Region].[Region]</HIERARCHY_UNIQUE_NAME>
                    <MEMBER_NAME>South</MEMBER_NAME>
                    <MEMBER_KEY>South</MEMBER_KEY>
                    <MEMBER_TYPE>1</MEMBER_TYPE>
                    <MEMBER_VALUE>South</MEMBER_VALUE>
                    <PARENT_LEVEL>0</PARENT_LEVEL>
                    <PARENT_COUNT>1</PARENT_COUNT>
                    <CHILDREN_CARDINALITY>0</CHILDREN_CARDINALITY>
                  </Member>
                </Tuple>
                <Tuple>
                  <Member Hierarchy="[ProductCategory].[ProductCategory]">
                    <UName>[ProductCategory].[ProductCategory].&amp;[Category C]</UName>
                    <Caption>Category C</Caption>
                    <LName>[ProductCategory].[ProductCategory].[ProductCategory]</LName>
                    <LNum>1</LNum>
                    <DisplayInfo>3</DisplayInfo>
                    <PARENT_UNIQUE_NAME>[ProductCategory].[ProductCategory].[All]</PARENT_UNIQUE_NAME>
                    <HIERARCHY_UNIQUE_NAME>[ProductCategory].[ProductCategory]</HIERARCHY_UNIQUE_NAME>
                    <MEMBER_NAME>Category C</MEMBER_NAME>
                    <MEMBER_KEY>Category C</MEMBER_KEY>
                    <MEMBER_TYPE>1</MEMBER_TYPE>
                    <MEMBER_VALUE>Category C</MEMBER_VALUE>
                    <PARENT_LEVEL>0</PARENT_LEVEL>
                    <PARENT_COUNT>1</PARENT_COUNT>
                    <CHILDREN_CARDINALITY>0</CHILDREN_CARDINALITY>
                  </Member>
                  <Member Hierarchy="[Region].[Region]">
                    <UName>[Region].[Region].&amp;[North]</UName>
                    <Caption>North</Caption>
                    <LName>[Region].[Region].[Region]</LName>
                    <LNum>1</LNum>
                    <DisplayInfo>3</DisplayInfo>
                    <PARENT_UNIQUE_NAME>[Region].[Region].[All]</PARENT_UNIQUE_NAME>
                    <HIERARCHY_UNIQUE_NAME>[Region].[Region]</HIERARCHY_UNIQUE_NAME>
                    <MEMBER_NAME>North</MEMBER_NAME>
                    <MEMBER_KEY>North</MEMBER_KEY>
                    <MEMBER_TYPE>1</MEMBER_TYPE>
                    <MEMBER_VALUE>North</MEMBER_VALUE>
                    <PARENT_LEVEL>0</PARENT_LEVEL>
                    <PARENT_COUNT>1</PARENT_COUNT>
                    <CHILDREN_CARDINALITY>0</CHILDREN_CARDINALITY>
                  </Member>
                </Tuple>
                <Tuple>
                  <Member Hierarchy="[ProductCategory].[ProductCategory]">
                    <UName>[ProductCategory].[ProductCategory].&amp;[Category C]</UName>
                    <Caption>Category C</Caption>
                    <LName>[ProductCategory].[ProductCategory].[ProductCategory]</LName>
                    <LNum>1</LNum>
                    <DisplayInfo>3</DisplayInfo>
                    <PARENT_UNIQUE_NAME>[ProductCategory].[ProductCategory].[All]</PARENT_UNIQUE_NAME>
                    <HIERARCHY_UNIQUE_NAME>[ProductCategory].[ProductCategory]</HIERARCHY_UNIQUE_NAME>
                    <MEMBER_NAME>Category C</MEMBER_NAME>
                    <MEMBER_KEY>Category C</MEMBER_KEY>
                    <MEMBER_TYPE>1</MEMBER_TYPE>
                    <MEMBER_VALUE>Category C</MEMBER_VALUE>
                    <PARENT_LEVEL>0</PARENT_LEVEL>
                    <PARENT_COUNT>1</PARENT_COUNT>
                    <CHILDREN_CARDINALITY>0</CHILDREN_CARDINALITY>
                  </Member>
                  <Member Hierarchy="[Region].[Region]">
                    <UName>[Region].[Region].&amp;[South]</UName>
                    <Caption>South</Caption>
                    <LName>[Region].[Region].[Region]</LName>
                    <LNum>1</LNum>
                    <DisplayInfo>3</DisplayInfo>
                    <PARENT_UNIQUE_NAME>[Region].[Region].[All]</PARENT_UNIQUE_NAME>
                    <HIERARCHY_UNIQUE_NAME>[Region].[Region]</HIERARCHY_UNIQUE_NAME>
                    <MEMBER_NAME>South</MEMBER_NAME>
                    <MEMBER_KEY>South</MEMBER_KEY>
                    <MEMBER_TYPE>1</MEMBER_TYPE>
                    <MEMBER_VALUE>South</MEMBER_VALUE>
                    <PARENT_LEVEL>0</PARENT_LEVEL>
                    <PARENT_COUNT>1</PARENT_COUNT>
                    <CHILDREN_CARDINALITY>0</CHILDREN_CARDINALITY>
                  </Member>
                </Tuple>
                <Tuple>
                  <Member Hierarchy="[ProductCategory].[ProductCategory]">
                    <UName>[ProductCategory].[ProductCategory].&amp;[Category D]</UName>
                    <Caption>Category D</Caption>
                    <LName>[ProductCategory].[ProductCategory].[ProductCategory]</LName>
                    <LNum>1</LNum>
                    <DisplayInfo>3</DisplayInfo>
                    <PARENT_UNIQUE_NAME>[ProductCategory].[ProductCategory].[All]</PARENT_UNIQUE_NAME>
                    <HIERARCHY_UNIQUE_NAME>[ProductCategory].[ProductCategory]</HIERARCHY_UNIQUE_NAME>
                    <MEMBER_NAME>Category D</MEMBER_NAME>
                    <MEMBER_KEY>Category D</MEMBER_KEY>
                    <MEMBER_TYPE>1</MEMBER_TYPE>
                    <MEMBER_VALUE>Category D</MEMBER_VALUE>
                    <PARENT_LEVEL>0</PARENT_LEVEL>
                    <PARENT_COUNT>1</PARENT_COUNT>
                    <CHILDREN_CARDINALITY>0</CHILDREN_CARDINALITY>
                  </Member>
                  <Member Hierarchy="[Region].[Region]">
                    <UName>[Region].[Region].&amp;[North]</UName>
                    <Caption>North</Caption>
                    <LName>[Region].[Region].[Region]</LName>
                    <LNum>1</LNum>
                    <DisplayInfo>3</DisplayInfo>
                    <PARENT_UNIQUE_NAME>[Region].[Region].[All]</PARENT_UNIQUE_NAME>
                    <HIERARCHY_UNIQUE_NAME>[Region].[Region]</HIERARCHY_UNIQUE_NAME>
                    <MEMBER_NAME>North</MEMBER_NAME>
                    <MEMBER_KEY>North</MEMBER_KEY>
                    <MEMBER_TYPE>1</MEMBER_TYPE>
                    <MEMBER_VALUE>North</MEMBER_VALUE>
                    <PARENT_LEVEL>0</PARENT_LEVEL>
                    <PARENT_COUNT>1</PARENT_COUNT>
                    <CHILDREN_CARDINALITY>0</CHILDREN_CARDINALITY>
                  </Member>
                </Tuple>
                <Tuple>
                  <Member Hierarchy="[ProductCategory].[ProductCategory]">
                    <UName>[ProductCategory].[ProductCategory].&amp;[Category D]</UName>
                    <Caption>Category D</Caption>
                    <LName>[ProductCategory].[ProductCategory].[ProductCategory]</LName>
                    <LNum>1</LNum>
                    <DisplayInfo>3</DisplayInfo>
                    <PARENT_UNIQUE_NAME>[ProductCategory].[ProductCategory].[All]</PARENT_UNIQUE_NAME>
                    <HIERARCHY_UNIQUE_NAME>[ProductCategory].[ProductCategory]</HIERARCHY_UNIQUE_NAME>
                    <MEMBER_NAME>Category D</MEMBER_NAME>
                    <MEMBER_KEY>Category D</MEMBER_KEY>
                    <MEMBER_TYPE>1</MEMBER_TYPE>
                    <MEMBER_VALUE>Category D</MEMBER_VALUE>
                    <PARENT_LEVEL>0</PARENT_LEVEL>
                    <PARENT_COUNT>1</PARENT_COUNT>
                    <CHILDREN_CARDINALITY>0</CHILDREN_CARDINALITY>
                  </Member>
                  <Member Hierarchy="[Region].[Region]">
                    <UName>[Region].[Region].&amp;[South]</UName>
                    <Caption>South</Caption>
                    <LName>[Region].[Region].[Region]</LName>
                    <LNum>1</LNum>
                    <DisplayInfo>3</DisplayInfo>
                    <PARENT_UNIQUE_NAME>[Region].[Region].[All]</PARENT_UNIQUE_NAME>
                    <HIERARCHY_UNIQUE_NAME>[Region].[Region]</HIERARCHY_UNIQUE_NAME>
                    <MEMBER_NAME>South</MEMBER_NAME>
                    <MEMBER_KEY>South</MEMBER_KEY>
                    <MEMBER_TYPE>1</MEMBER_TYPE>
                    <MEMBER_VALUE>South</MEMBER_VALUE>
                    <PARENT_LEVEL>0</PARENT_LEVEL>
                    <PARENT_COUNT>1</PARENT_COUNT>
                    <CHILDREN_CARDINALITY>0</CHILDREN_CARDINALITY>
                  </Member>
                </Tuple>
              </Tuples>
            </Axis>
            <Axis name="SlicerAxis">
              <Tuples>
                <Tuple>
                  <Member Hierarchy="[Measures]">
                    <UName>[Measures].[Total Sales]</UName>
                    <Caption>Total Sales (SEK)</Caption>
                    <LName>[Measures].[MeasuresLevel]</LName>
                    <LNum>0</LNum>
                    <DisplayInfo>131072</DisplayInfo>
                  </Member>
                </Tuple>
              </Tuples>
            </Axis>
          </Axes>
          <CellData>
            <Cell CellOrdinal="0">
              <Value xsi:type="xsd:double">100000</Value>
              <FormatString>#,##0.00 SEK</FormatString>
              <BackColor></BackColor>
              <ForeColor></ForeColor>
            </Cell>
            <Cell CellOrdinal="1">
              <Value xsi:type="xsd:double">200000</Value>
              <FormatString>#,##0.00 SEK</FormatString>
              <BackColor></BackColor>
              <ForeColor></ForeColor>
            </Cell>
            <Cell CellOrdinal="2">
              <Value xsi:type="xsd:double">150000</Value>
              <FormatString>#,##0.00 SEK</FormatString>
              <BackColor></BackColor>
              <ForeColor></ForeColor>
            </Cell>
            <Cell CellOrdinal="3">
              <Value xsi:type="xsd:double">100000</Value>
              <FormatString>#,##0.00 SEK</FormatString>
              <BackColor></BackColor>
              <ForeColor></ForeColor>
            </Cell>
            <Cell CellOrdinal="4">
              <Value xsi:type="xsd:double">200000</Value>
              <FormatString>#,##0.00 SEK</FormatString>
              <BackColor></BackColor>
              <ForeColor></ForeColor>
            </Cell>
            <Cell CellOrdinal="5">
              <Value xsi:type="xsd:double">200000</Value>
              <FormatString>#,##0.00 SEK</FormatString>
              <BackColor></BackColor>
              <ForeColor></ForeColor>
            </Cell>
            <Cell CellOrdinal="6">
              <Value xsi:type="xsd:double">200000</Value>
              <FormatString>#,##0.00 SEK</FormatString>
              <BackColor></BackColor>
              <ForeColor></ForeColor>
            </Cell>
            <Cell CellOrdinal="7">
              <Value xsi:type="xsd:double">100500.5</Value>
              <FormatString>#,##0.00 SEK</FormatString>
              <BackColor></BackColor>
              <ForeColor></ForeColor>
            </Cell>
          </CellData>
        </root>
      </return>
    </ExecuteResponse>
  </soap:Body>
</soap:Envelope>
===== EXECUTE REQUEST =====
MDX: SELECT NON EMPTY CrossJoin(Hierarchize({DrilldownLevel({[ProductCategory].[ProductCategory].[All]},,,INCLUDE_CALC_MEMBERS)}), Hierarchize({DrilldownLevel({[Region].[Region].[All]},,,INCLUDE_CALC_MEMBERS)})) DIMENSION PROPERTIES PARENT_UNIQUE_NAME,HIERARCHY_UNIQUE_NAME,[Region].[Region].[Region]MEMBER_CAPTION,[Region].[Region].[Region]MEMBER_NAME,[Region].[Region].[Region]MEMBER_UNIQUE_NAME,[Region].[Region].[Region]MEMBER_KEY,[Region].[Region].[Region]MEMBER_TYPE,[Region].[Region].[Region]MEMBER_VALUE,[Region].[Region].[Region]LEVEL_NUMBER,[Region].[Region].[Region]LEVEL_UNIQUE_NAME,[Region].[Region].[Region]PARENT_LEVEL,[Region].[Region].[Region]PARENT_UNIQUE_NAME,[Region].[Region].[Region]PARENT_COUNT,[Region].[Region].[Region]CHILDREN_CARDINALITY,[ProductCategory].[ProductCategory].[ProductCategory]MEMBER_CAPTION,[ProductCategory].[ProductCategory].[ProductCategory]MEMBER_NAME,[ProductCategory].[ProductCategory].[ProductCategory]MEMBER_UNIQUE_NAME,[ProductCategory].[ProductCategory].[ProductCategory]MEMBER_KEY,[ProductCategory].[ProductCategory].[ProductCategory]MEMBER_TYPE,[ProductCategory].[ProductCategory].[ProductCategory]MEMBER_VALUE,[ProductCategory].[ProductCategory].[ProductCategory]LEVEL_NUMBER,[ProductCategory].[ProductCategory].[ProductCategory]LEVEL_UNIQUE_NAME,[ProductCategory].[ProductCategory].[ProductCategory]PARENT_LEVEL,[ProductCategory].[ProductCategory].[ProductCategory]PARENT_UNIQUE_NAME,[ProductCategory].[ProductCategory].[ProductCategory]PARENT_COUNT,[ProductCategory].[ProductCategory].[ProductCategory]CHILDREN_CARDINALITY ON COLUMNS  FROM [Model] WHERE ([Measures].[Total Sales]) CELL PROPERTIES VALUE, FORMAT_STRING, BACK_COLOR, FORE_COLOR
REQUEST XML:
<soap:Envelope xmlns:soap="http://schemas.xmlsoap.org/soap/envelope/"><soap:Header><Session xmlns="urn:schemas-microsoft-com:xml-analysis" SessionId="RUST-SESSION-456"/></soap:Header><soap:Body><Execute xmlns="urn:schemas-microsoft-com:xml-analysis"><Command><Statement>SELECT NON EMPTY CrossJoin(Hierarchize({DrilldownLevel({[ProductCategory].[ProductCategory].[All]},,,INCLUDE_CALC_MEMBERS)}), Hierarchize({DrilldownLevel({[Region].[Region].[All]},,,INCLUDE_CALC_MEMBERS)})) DIMENSION PROPERTIES PARENT_UNIQUE_NAME,HIERARCHY_UNIQUE_NAME,[Region].[Region].[Region]MEMBER_CAPTION,[Region].[Region].[Region]MEMBER_NAME,[Region].[Region].[Region]MEMBER_UNIQUE_NAME,[Region].[Region].[Region]MEMBER_KEY,[Region].[Region].[Region]MEMBER_TYPE,[Region].[Region].[Region]MEMBER_VALUE,[Region].[Region].[Region]LEVEL_NUMBER,[Region].[Region].[Region]LEVEL_UNIQUE_NAME,[Region].[Region].[Region]PARENT_LEVEL,[Region].[Region].[Region]PARENT_UNIQUE_NAME,[Region].[Region].[Region]PARENT_COUNT,[Region].[Region].[Region]CHILDREN_CARDINALITY,[ProductCategory].[ProductCategory].[ProductCategory]MEMBER_CAPTION,[ProductCategory].[ProductCategory].[ProductCategory]MEMBER_NAME,[ProductCategory].[ProductCategory].[ProductCategory]MEMBER_UNIQUE_NAME,[ProductCategory].[ProductCategory].[ProductCategory]MEMBER_KEY,[ProductCategory].[ProductCategory].[ProductCategory]MEMBER_TYPE,[ProductCategory].[ProductCategory].[ProductCategory]MEMBER_VALUE,[ProductCategory].[ProductCategory].[ProductCategory]LEVEL_NUMBER,[ProductCategory].[ProductCategory].[ProductCategory]LEVEL_UNIQUE_NAME,[ProductCategory].[ProductCategory].[ProductCategory]PARENT_LEVEL,[ProductCategory].[ProductCategory].[ProductCategory]PARENT_UNIQUE_NAME,[ProductCategory].[ProductCategory].[ProductCategory]PARENT_COUNT,[ProductCategory].[ProductCategory].[ProductCategory]CHILDREN_CARDINALITY ON COLUMNS  FROM [Model] WHERE ([Measures].[Total Sales]) CELL PROPERTIES VALUE, FORMAT_STRING, BACK_COLOR, FORE_COLOR</Statement></Command><Properties><PropertyList><Catalog>KTH_KEX_MALLOY_CUBE</Catalog><Timeout>0</Timeout><Format>Native</Format><DbpropMsmdFlattened2>false</DbpropMsmdFlattened2><SspropInitAppName>Excel</SspropInitAppName><SafetyOptions>2</SafetyOptions><Dialect>MDX</Dialect><ClientProcessID>10980</ClientProcessID><MdxMissingMemberMode>Error</MdxMissingMemberMode><DbpropMsmdOptimizeResponse>9</DbpropMsmdOptimizeResponse><DbpropMsmdActivityID>A4BBEEB6-1DB9-4A9A-9A65-4105122C7559</DbpropMsmdActivityID><DbpropMsmdRequestID>431F4812-1A4E-49B1-B1B4-2E8A1F923256</DbpropMsmdRequestID><DbpropMsmdCurrentActivityID>A4BBEEB6-1DB9-4A9A-9A65-4105122C7559</DbpropMsmdCurrentActivityID><LocaleIdentifier>1033</LocaleIdentifier><DbpropMsmdMDXCompatibility>1</DbpropMsmdMDXCompatibility><DbpropMsmdSubqueries>2</DbpropMsmdSubqueries></PropertyList></Properties></Execute></soap:Body></soap:Envelope>
RESPONSE XML:
<soap:Envelope xmlns:soap="http://schemas.xmlsoap.org/soap/envelope/">
  <soap:Header>
    <Session xmlns="urn:schemas-microsoft-com:xml-analysis" SessionId="RUST-SESSION-456" />
  </soap:Header>
  <soap:Body>
    <ExecuteResponse xmlns="urn:schemas-microsoft-com:xml-analysis">
      <return>
        <root xmlns="urn:schemas-microsoft-com:xml-analysis:mddataset"
              xmlns:xsi="http://www.w3.org/2001/XMLSchema-instance"
              xmlns:xsd="http://www.w3.org/2001/XMLSchema">
          <xsd:schema targetNamespace="urn:schemas-microsoft-com:xml-analysis:mddataset"
                       elementFormDefault="qualified"
                       xmlns="urn:schemas-microsoft-com:xml-analysis:mddataset">
            <xsd:element name="root">
              <xsd:complexType>
                <xsd:sequence>
                  <xsd:any namespace="http://www.w3.org/2001/XMLSchema"
                           processContents="strict" minOccurs="0"/>
                  <xsd:element name="OlapInfo" minOccurs="0"/>
                  <xsd:element name="Axes" minOccurs="0"/>
                  <xsd:element name="CellData" minOccurs="0"/>
                </xsd:sequence>
              </xsd:complexType>
            </xsd:element>
          </xsd:schema>
          <OlapInfo>
            <CubeInfo>
              <Cube>
                <CubeName>Model</CubeName>
              </Cube>
            </CubeInfo>
            <AxesInfo>
              <AxisInfo name="Axis0">
                <HierarchyInfo name="[ProductCategory].[ProductCategory]">
                  <UName name="[ProductCategory].[ProductCategory].[MEMBER_UNIQUE_NAME]" type="xsd:string"/>
                  <Caption name="[ProductCategory].[ProductCategory].[MEMBER_CAPTION]" type="xsd:string"/>
                  <LName name="[ProductCategory].[ProductCategory].[LEVEL_UNIQUE_NAME]" type="xsd:string"/>
                  <LNum name="[ProductCategory].[ProductCategory].[LEVEL_NUMBER]" type="xsd:int"/>
                  <DisplayInfo name="[ProductCategory].[ProductCategory].[DISPLAY_INFO]" type="xsd:unsignedInt"/>
                  <PARENT_UNIQUE_NAME name="[ProductCategory].[ProductCategory].[PARENT_UNIQUE_NAME]" type="xsd:string"/>
                  <HIERARCHY_UNIQUE_NAME name="[ProductCategory].[ProductCategory].[HIERARCHY_UNIQUE_NAME]" type="xsd:string"/>
                  <MEMBER_NAME name="[ProductCategory].[ProductCategory].[MEMBER_NAME]" type="xsd:string"/>
                  <MEMBER_KEY name="[ProductCategory].[ProductCategory].[MEMBER_KEY]" type="xsd:string"/>
                  <MEMBER_TYPE name="[ProductCategory].[ProductCategory].[MEMBER_TYPE]" type="xsd:int"/>
                  <MEMBER_VALUE name="[ProductCategory].[ProductCategory].[MEMBER_VALUE]" type="xsd:string"/>
                  <PARENT_LEVEL name="[ProductCategory].[ProductCategory].[PARENT_LEVEL]" type="xsd:int"/>
                  <PARENT_COUNT name="[ProductCategory].[ProductCategory].[PARENT_COUNT]" type="xsd:int"/>
                  <CHILDREN_CARDINALITY name="[ProductCategory].[ProductCategory].[CHILDREN_CARDINALITY]" type="xsd:unsignedInt"/>
                </HierarchyInfo>
                <HierarchyInfo name="[Region].[Region]">
                  <UName name="[Region].[Region].[MEMBER_UNIQUE_NAME]" type="xsd:string"/>
                  <Caption name="[Region].[Region].[MEMBER_CAPTION]" type="xsd:string"/>
                  <LName name="[Region].[Region].[LEVEL_UNIQUE_NAME]" type="xsd:string"/>
                  <LNum name="[Region].[Region].[LEVEL_NUMBER]" type="xsd:int"/>
                  <DisplayInfo name="[Region].[Region].[DISPLAY_INFO]" type="xsd:unsignedInt"/>
                  <PARENT_UNIQUE_NAME name="[Region].[Region].[PARENT_UNIQUE_NAME]" type="xsd:string"/>
                  <HIERARCHY_UNIQUE_NAME name="[Region].[Region].[HIERARCHY_UNIQUE_NAME]" type="xsd:string"/>
                  <MEMBER_NAME name="[Region].[Region].[MEMBER_NAME]" type="xsd:string"/>
                  <MEMBER_KEY name="[Region].[Region].[MEMBER_KEY]" type="xsd:string"/>
                  <MEMBER_TYPE name="[Region].[Region].[MEMBER_TYPE]" type="xsd:int"/>
                  <MEMBER_VALUE name="[Region].[Region].[MEMBER_VALUE]" type="xsd:string"/>
                  <PARENT_LEVEL name="[Region].[Region].[PARENT_LEVEL]" type="xsd:int"/>
                  <PARENT_COUNT name="[Region].[Region].[PARENT_COUNT]" type="xsd:int"/>
                  <CHILDREN_CARDINALITY name="[Region].[Region].[CHILDREN_CARDINALITY]" type="xsd:unsignedInt"/>
                </HierarchyInfo>
              </AxisInfo>
              <AxisInfo name="SlicerAxis">
                <HierarchyInfo name="[Measures]">
                  <UName name="[Measures].[MEMBER_UNIQUE_NAME]" type="xsd:string"/>
                  <Caption name="[Measures].[MEMBER_CAPTION]" type="xsd:string"/>
                  <LName name="[Measures].[LEVEL_UNIQUE_NAME]" type="xsd:string"/>
                  <LNum name="[Measures].[LEVEL_NUMBER]" type="xsd:int"/>
                  <DisplayInfo name="[Measures].[DISPLAY_INFO]" type="xsd:unsignedInt"/>
                </HierarchyInfo>
              </AxisInfo>
            </AxesInfo>
            <CellInfo>
              <Value name="VALUE"/>
              <FormatString name="FORMAT_STRING" type="xsd:string"/>
              <BackColor name="BACK_COLOR" type="xsd:string"/>
              <ForeColor name="FORE_COLOR" type="xsd:string"/>
            </CellInfo>
          </OlapInfo>
          <Axes>
            <Axis name="Axis0">
              <Tuples>
                <Tuple>
                  <Member Hierarchy="[ProductCategory].[ProductCategory]">
                    <UName>[ProductCategory].[ProductCategory].&amp;[Category A]</UName>
                    <Caption>Category A</Caption>
                    <LName>[ProductCategory].[ProductCategory].[ProductCategory]</LName>
                    <LNum>1</LNum>
                    <DisplayInfo>3</DisplayInfo>
                    <PARENT_UNIQUE_NAME>[ProductCategory].[ProductCategory].[All]</PARENT_UNIQUE_NAME>
                    <HIERARCHY_UNIQUE_NAME>[ProductCategory].[ProductCategory]</HIERARCHY_UNIQUE_NAME>
                    <MEMBER_NAME>Category A</MEMBER_NAME>
                    <MEMBER_KEY>Category A</MEMBER_KEY>
                    <MEMBER_TYPE>1</MEMBER_TYPE>
                    <MEMBER_VALUE>Category A</MEMBER_VALUE>
                    <PARENT_LEVEL>0</PARENT_LEVEL>
                    <PARENT_COUNT>1</PARENT_COUNT>
                    <CHILDREN_CARDINALITY>0</CHILDREN_CARDINALITY>
                  </Member>
                  <Member Hierarchy="[Region].[Region]">
                    <UName>[Region].[Region].&amp;[North]</UName>
                    <Caption>North</Caption>
                    <LName>[Region].[Region].[Region]</LName>
                    <LNum>1</LNum>
                    <DisplayInfo>3</DisplayInfo>
                    <PARENT_UNIQUE_NAME>[Region].[Region].[All]</PARENT_UNIQUE_NAME>
                    <HIERARCHY_UNIQUE_NAME>[Region].[Region]</HIERARCHY_UNIQUE_NAME>
                    <MEMBER_NAME>North</MEMBER_NAME>
                    <MEMBER_KEY>North</MEMBER_KEY>
                    <MEMBER_TYPE>1</MEMBER_TYPE>
                    <MEMBER_VALUE>North</MEMBER_VALUE>
                    <PARENT_LEVEL>0</PARENT_LEVEL>
                    <PARENT_COUNT>1</PARENT_COUNT>
                    <CHILDREN_CARDINALITY>0</CHILDREN_CARDINALITY>
                  </Member>
                </Tuple>
                <Tuple>
                  <Member Hierarchy="[ProductCategory].[ProductCategory]">
                    <UName>[ProductCategory].[ProductCategory].&amp;[Category A]</UName>
                    <Caption>Category A</Caption>
                    <LName>[ProductCategory].[ProductCategory].[ProductCategory]</LName>
                    <LNum>1</LNum>
                    <DisplayInfo>3</DisplayInfo>
                    <PARENT_UNIQUE_NAME>[ProductCategory].[ProductCategory].[All]</PARENT_UNIQUE_NAME>
                    <HIERARCHY_UNIQUE_NAME>[ProductCategory].[ProductCategory]</HIERARCHY_UNIQUE_NAME>
                    <MEMBER_NAME>Category A</MEMBER_NAME>
                    <MEMBER_KEY>Category A</MEMBER_KEY>
                    <MEMBER_TYPE>1</MEMBER_TYPE>
                    <MEMBER_VALUE>Category A</MEMBER_VALUE>
                    <PARENT_LEVEL>0</PARENT_LEVEL>
                    <PARENT_COUNT>1</PARENT_COUNT>
                    <CHILDREN_CARDINALITY>0</CHILDREN_CARDINALITY>
                  </Member>
                  <Member Hierarchy="[Region].[Region]">
                    <UName>[Region].[Region].&amp;[South]</UName>
                    <Caption>South</Caption>
                    <LName>[Region].[Region].[Region]</LName>
                    <LNum>1</LNum>
                    <DisplayInfo>3</DisplayInfo>
                    <PARENT_UNIQUE_NAME>[Region].[Region].[All]</PARENT_UNIQUE_NAME>
                    <HIERARCHY_UNIQUE_NAME>[Region].[Region]</HIERARCHY_UNIQUE_NAME>
                    <MEMBER_NAME>South</MEMBER_NAME>
                    <MEMBER_KEY>South</MEMBER_KEY>
                    <MEMBER_TYPE>1</MEMBER_TYPE>
                    <MEMBER_VALUE>South</MEMBER_VALUE>
                    <PARENT_LEVEL>0</PARENT_LEVEL>
                    <PARENT_COUNT>1</PARENT_COUNT>
                    <CHILDREN_CARDINALITY>0</CHILDREN_CARDINALITY>
                  </Member>
                </Tuple>
                <Tuple>
                  <Member Hierarchy="[ProductCategory].[ProductCategory]">
                    <UName>[ProductCategory].[ProductCategory].&amp;[Category B]</UName>
                    <Caption>Category B</Caption>
                    <LName>[ProductCategory].[ProductCategory].[ProductCategory]</LName>
                    <LNum>1</LNum>
                    <DisplayInfo>3</DisplayInfo>
                    <PARENT_UNIQUE_NAME>[ProductCategory].[ProductCategory].[All]</PARENT_UNIQUE_NAME>
                    <HIERARCHY_UNIQUE_NAME>[ProductCategory].[ProductCategory]</HIERARCHY_UNIQUE_NAME>
                    <MEMBER_NAME>Category B</MEMBER_NAME>
                    <MEMBER_KEY>Category B</MEMBER_KEY>
                    <MEMBER_TYPE>1</MEMBER_TYPE>
                    <MEMBER_VALUE>Category B</MEMBER_VALUE>
                    <PARENT_LEVEL>0</PARENT_LEVEL>
                    <PARENT_COUNT>1</PARENT_COUNT>
                    <CHILDREN_CARDINALITY>0</CHILDREN_CARDINALITY>
                  </Member>
                  <Member Hierarchy="[Region].[Region]">
                    <UName>[Region].[Region].&amp;[North]</UName>
                    <Caption>North</Caption>
                    <LName>[Region].[Region].[Region]</LName>
                    <LNum>1</LNum>
                    <DisplayInfo>3</DisplayInfo>
                    <PARENT_UNIQUE_NAME>[Region].[Region].[All]</PARENT_UNIQUE_NAME>
                    <HIERARCHY_UNIQUE_NAME>[Region].[Region]</HIERARCHY_UNIQUE_NAME>
                    <MEMBER_NAME>North</MEMBER_NAME>
                    <MEMBER_KEY>North</MEMBER_KEY>
                    <MEMBER_TYPE>1</MEMBER_TYPE>
                    <MEMBER_VALUE>North</MEMBER_VALUE>
                    <PARENT_LEVEL>0</PARENT_LEVEL>
                    <PARENT_COUNT>1</PARENT_COUNT>
                    <CHILDREN_CARDINALITY>0</CHILDREN_CARDINALITY>
                  </Member>
                </Tuple>
                <Tuple>
                  <Member Hierarchy="[ProductCategory].[ProductCategory]">
                    <UName>[ProductCategory].[ProductCategory].&amp;[Category B]</UName>
                    <Caption>Category B</Caption>
                    <LName>[ProductCategory].[ProductCategory].[ProductCategory]</LName>
                    <LNum>1</LNum>
                    <DisplayInfo>3</DisplayInfo>
                    <PARENT_UNIQUE_NAME>[ProductCategory].[ProductCategory].[All]</PARENT_UNIQUE_NAME>
                    <HIERARCHY_UNIQUE_NAME>[ProductCategory].[ProductCategory]</HIERARCHY_UNIQUE_NAME>
                    <MEMBER_NAME>Category B</MEMBER_NAME>
                    <MEMBER_KEY>Category B</MEMBER_KEY>
                    <MEMBER_TYPE>1</MEMBER_TYPE>
                    <MEMBER_VALUE>Category B</MEMBER_VALUE>
                    <PARENT_LEVEL>0</PARENT_LEVEL>
                    <PARENT_COUNT>1</PARENT_COUNT>
                    <CHILDREN_CARDINALITY>0</CHILDREN_CARDINALITY>
                  </Member>
                  <Member Hierarchy="[Region].[Region]">
                    <UName>[Region].[Region].&amp;[South]</UName>
                    <Caption>South</Caption>
                    <LName>[Region].[Region].[Region]</LName>
                    <LNum>1</LNum>
                    <DisplayInfo>3</DisplayInfo>
                    <PARENT_UNIQUE_NAME>[Region].[Region].[All]</PARENT_UNIQUE_NAME>
                    <HIERARCHY_UNIQUE_NAME>[Region].[Region]</HIERARCHY_UNIQUE_NAME>
                    <MEMBER_NAME>South</MEMBER_NAME>
                    <MEMBER_KEY>South</MEMBER_KEY>
                    <MEMBER_TYPE>1</MEMBER_TYPE>
                    <MEMBER_VALUE>South</MEMBER_VALUE>
                    <PARENT_LEVEL>0</PARENT_LEVEL>
                    <PARENT_COUNT>1</PARENT_COUNT>
                    <CHILDREN_CARDINALITY>0</CHILDREN_CARDINALITY>
                  </Member>
                </Tuple>
                <Tuple>
                  <Member Hierarchy="[ProductCategory].[ProductCategory]">
                    <UName>[ProductCategory].[ProductCategory].&amp;[Category C]</UName>
                    <Caption>Category C</Caption>
                    <LName>[ProductCategory].[ProductCategory].[ProductCategory]</LName>
                    <LNum>1</LNum>
                    <DisplayInfo>3</DisplayInfo>
                    <PARENT_UNIQUE_NAME>[ProductCategory].[ProductCategory].[All]</PARENT_UNIQUE_NAME>
                    <HIERARCHY_UNIQUE_NAME>[ProductCategory].[ProductCategory]</HIERARCHY_UNIQUE_NAME>
                    <MEMBER_NAME>Category C</MEMBER_NAME>
                    <MEMBER_KEY>Category C</MEMBER_KEY>
                    <MEMBER_TYPE>1</MEMBER_TYPE>
                    <MEMBER_VALUE>Category C</MEMBER_VALUE>
                    <PARENT_LEVEL>0</PARENT_LEVEL>
                    <PARENT_COUNT>1</PARENT_COUNT>
                    <CHILDREN_CARDINALITY>0</CHILDREN_CARDINALITY>
                  </Member>
                  <Member Hierarchy="[Region].[Region]">
                    <UName>[Region].[Region].&amp;[North]</UName>
                    <Caption>North</Caption>
                    <LName>[Region].[Region].[Region]</LName>
                    <LNum>1</LNum>
                    <DisplayInfo>3</DisplayInfo>
                    <PARENT_UNIQUE_NAME>[Region].[Region].[All]</PARENT_UNIQUE_NAME>
                    <HIERARCHY_UNIQUE_NAME>[Region].[Region]</HIERARCHY_UNIQUE_NAME>
                    <MEMBER_NAME>North</MEMBER_NAME>
                    <MEMBER_KEY>North</MEMBER_KEY>
                    <MEMBER_TYPE>1</MEMBER_TYPE>
                    <MEMBER_VALUE>North</MEMBER_VALUE>
                    <PARENT_LEVEL>0</PARENT_LEVEL>
                    <PARENT_COUNT>1</PARENT_COUNT>
                    <CHILDREN_CARDINALITY>0</CHILDREN_CARDINALITY>
                  </Member>
                </Tuple>
                <Tuple>
                  <Member Hierarchy="[ProductCategory].[ProductCategory]">
                    <UName>[ProductCategory].[ProductCategory].&amp;[Category C]</UName>
                    <Caption>Category C</Caption>
                    <LName>[ProductCategory].[ProductCategory].[ProductCategory]</LName>
                    <LNum>1</LNum>
                    <DisplayInfo>3</DisplayInfo>
                    <PARENT_UNIQUE_NAME>[ProductCategory].[ProductCategory].[All]</PARENT_UNIQUE_NAME>
                    <HIERARCHY_UNIQUE_NAME>[ProductCategory].[ProductCategory]</HIERARCHY_UNIQUE_NAME>
                    <MEMBER_NAME>Category C</MEMBER_NAME>
                    <MEMBER_KEY>Category C</MEMBER_KEY>
                    <MEMBER_TYPE>1</MEMBER_TYPE>
                    <MEMBER_VALUE>Category C</MEMBER_VALUE>
                    <PARENT_LEVEL>0</PARENT_LEVEL>
                    <PARENT_COUNT>1</PARENT_COUNT>
                    <CHILDREN_CARDINALITY>0</CHILDREN_CARDINALITY>
                  </Member>
                  <Member Hierarchy="[Region].[Region]">
                    <UName>[Region].[Region].&amp;[South]</UName>
                    <Caption>South</Caption>
                    <LName>[Region].[Region].[Region]</LName>
                    <LNum>1</LNum>
                    <DisplayInfo>3</DisplayInfo>
                    <PARENT_UNIQUE_NAME>[Region].[Region].[All]</PARENT_UNIQUE_NAME>
                    <HIERARCHY_UNIQUE_NAME>[Region].[Region]</HIERARCHY_UNIQUE_NAME>
                    <MEMBER_NAME>South</MEMBER_NAME>
                    <MEMBER_KEY>South</MEMBER_KEY>
                    <MEMBER_TYPE>1</MEMBER_TYPE>
                    <MEMBER_VALUE>South</MEMBER_VALUE>
                    <PARENT_LEVEL>0</PARENT_LEVEL>
                    <PARENT_COUNT>1</PARENT_COUNT>
                    <CHILDREN_CARDINALITY>0</CHILDREN_CARDINALITY>
                  </Member>
                </Tuple>
                <Tuple>
                  <Member Hierarchy="[ProductCategory].[ProductCategory]">
                    <UName>[ProductCategory].[ProductCategory].&amp;[Category D]</UName>
                    <Caption>Category D</Caption>
                    <LName>[ProductCategory].[ProductCategory].[ProductCategory]</LName>
                    <LNum>1</LNum>
                    <DisplayInfo>3</DisplayInfo>
                    <PARENT_UNIQUE_NAME>[ProductCategory].[ProductCategory].[All]</PARENT_UNIQUE_NAME>
                    <HIERARCHY_UNIQUE_NAME>[ProductCategory].[ProductCategory]</HIERARCHY_UNIQUE_NAME>
                    <MEMBER_NAME>Category D</MEMBER_NAME>
                    <MEMBER_KEY>Category D</MEMBER_KEY>
                    <MEMBER_TYPE>1</MEMBER_TYPE>
                    <MEMBER_VALUE>Category D</MEMBER_VALUE>
                    <PARENT_LEVEL>0</PARENT_LEVEL>
                    <PARENT_COUNT>1</PARENT_COUNT>
                    <CHILDREN_CARDINALITY>0</CHILDREN_CARDINALITY>
                  </Member>
                  <Member Hierarchy="[Region].[Region]">
                    <UName>[Region].[Region].&amp;[North]</UName>
                    <Caption>North</Caption>
                    <LName>[Region].[Region].[Region]</LName>
                    <LNum>1</LNum>
                    <DisplayInfo>3</DisplayInfo>
                    <PARENT_UNIQUE_NAME>[Region].[Region].[All]</PARENT_UNIQUE_NAME>
                    <HIERARCHY_UNIQUE_NAME>[Region].[Region]</HIERARCHY_UNIQUE_NAME>
                    <MEMBER_NAME>North</MEMBER_NAME>
                    <MEMBER_KEY>North</MEMBER_KEY>
                    <MEMBER_TYPE>1</MEMBER_TYPE>
                    <MEMBER_VALUE>North</MEMBER_VALUE>
                    <PARENT_LEVEL>0</PARENT_LEVEL>
                    <PARENT_COUNT>1</PARENT_COUNT>
                    <CHILDREN_CARDINALITY>0</CHILDREN_CARDINALITY>
                  </Member>
                </Tuple>
                <Tuple>
                  <Member Hierarchy="[ProductCategory].[ProductCategory]">
                    <UName>[ProductCategory].[ProductCategory].&amp;[Category D]</UName>
                    <Caption>Category D</Caption>
                    <LName>[ProductCategory].[ProductCategory].[ProductCategory]</LName>
                    <LNum>1</LNum>
                    <DisplayInfo>3</DisplayInfo>
                    <PARENT_UNIQUE_NAME>[ProductCategory].[ProductCategory].[All]</PARENT_UNIQUE_NAME>
                    <HIERARCHY_UNIQUE_NAME>[ProductCategory].[ProductCategory]</HIERARCHY_UNIQUE_NAME>
                    <MEMBER_NAME>Category D</MEMBER_NAME>
                    <MEMBER_KEY>Category D</MEMBER_KEY>
                    <MEMBER_TYPE>1</MEMBER_TYPE>
                    <MEMBER_VALUE>Category D</MEMBER_VALUE>
                    <PARENT_LEVEL>0</PARENT_LEVEL>
                    <PARENT_COUNT>1</PARENT_COUNT>
                    <CHILDREN_CARDINALITY>0</CHILDREN_CARDINALITY>
                  </Member>
                  <Member Hierarchy="[Region].[Region]">
                    <UName>[Region].[Region].&amp;[South]</UName>
                    <Caption>South</Caption>
                    <LName>[Region].[Region].[Region]</LName>
                    <LNum>1</LNum>
                    <DisplayInfo>3</DisplayInfo>
                    <PARENT_UNIQUE_NAME>[Region].[Region].[All]</PARENT_UNIQUE_NAME>
                    <HIERARCHY_UNIQUE_NAME>[Region].[Region]</HIERARCHY_UNIQUE_NAME>
                    <MEMBER_NAME>South</MEMBER_NAME>
                    <MEMBER_KEY>South</MEMBER_KEY>
                    <MEMBER_TYPE>1</MEMBER_TYPE>
                    <MEMBER_VALUE>South</MEMBER_VALUE>
                    <PARENT_LEVEL>0</PARENT_LEVEL>
                    <PARENT_COUNT>1</PARENT_COUNT>
                    <CHILDREN_CARDINALITY>0</CHILDREN_CARDINALITY>
                  </Member>
                </Tuple>
              </Tuples>
            </Axis>
            <Axis name="SlicerAxis">
              <Tuples>
                <Tuple>
                  <Member Hierarchy="[Measures]">
                    <UName>[Measures].[Total Sales]</UName>
                    <Caption>Total Sales (SEK)</Caption>
                    <LName>[Measures].[MeasuresLevel]</LName>
                    <LNum>0</LNum>
                    <DisplayInfo>131072</DisplayInfo>
                  </Member>
                </Tuple>
              </Tuples>
            </Axis>
          </Axes>
          <CellData>
            <Cell CellOrdinal="0">
              <Value xsi:type="xsd:double">100000</Value>
              <FormatString>#,##0.00 SEK</FormatString>
              <BackColor></BackColor>
              <ForeColor></ForeColor>
            </Cell>
            <Cell CellOrdinal="1">
              <Value xsi:type="xsd:double">200000</Value>
              <FormatString>#,##0.00 SEK</FormatString>
              <BackColor></BackColor>
              <ForeColor></ForeColor>
            </Cell>
            <Cell CellOrdinal="2">
              <Value xsi:type="xsd:double">150000</Value>
              <FormatString>#,##0.00 SEK</FormatString>
              <BackColor></BackColor>
              <ForeColor></ForeColor>
            </Cell>
            <Cell CellOrdinal="3">
              <Value xsi:type="xsd:double">100000</Value>
              <FormatString>#,##0.00 SEK</FormatString>
              <BackColor></BackColor>
              <ForeColor></ForeColor>
            </Cell>
            <Cell CellOrdinal="4">
              <Value xsi:type="xsd:double">200000</Value>
              <FormatString>#,##0.00 SEK</FormatString>
              <BackColor></BackColor>
              <ForeColor></ForeColor>
            </Cell>
            <Cell CellOrdinal="5">
              <Value xsi:type="xsd:double">200000</Value>
              <FormatString>#,##0.00 SEK</FormatString>
              <BackColor></BackColor>
              <ForeColor></ForeColor>
            </Cell>
            <Cell CellOrdinal="6">
              <Value xsi:type="xsd:double">200000</Value>
              <FormatString>#,##0.00 SEK</FormatString>
              <BackColor></BackColor>
              <ForeColor></ForeColor>
            </Cell>
            <Cell CellOrdinal="7">
              <Value xsi:type="xsd:double">100500.5</Value>
              <FormatString>#,##0.00 SEK</FormatString>
              <BackColor></BackColor>
              <ForeColor></ForeColor>
            </Cell>
          </CellData>
        </root>
      </return>
    </ExecuteResponse>
  </soap:Body>
</soap:Envelope>
===== EXECUTE REQUEST =====
MDX: SELECT NON EMPTY Hierarchize(DrilldownMember(CrossJoin({[ProductCategory].[ProductCategory].[All],[ProductCategory].[ProductCategory].[ProductCategory].AllMembers}, {([Region].[Region].[All])}), {-{[ProductCategory].[ProductCategory].&[Category C]}}, [Region].[Region])) DIMENSION PROPERTIES PARENT_UNIQUE_NAME,HIERARCHY_UNIQUE_NAME,[Region].[Region].[Region]MEMBER_CAPTION,[Region].[Region].[Region]MEMBER_NAME,[Region].[Region].[Region]MEMBER_UNIQUE_NAME,[Region].[Region].[Region]MEMBER_KEY,[Region].[Region].[Region]MEMBER_TYPE,[Region].[Region].[Region]MEMBER_VALUE,[Region].[Region].[Region]LEVEL_NUMBER,[Region].[Region].[Region]LEVEL_UNIQUE_NAME,[Region].[Region].[Region]PARENT_LEVEL,[Region].[Region].[Region]PARENT_UNIQUE_NAME,[Region].[Region].[Region]PARENT_COUNT,[Region].[Region].[Region]CHILDREN_CARDINALITY,[ProductCategory].[ProductCategory].[ProductCategory]MEMBER_CAPTION,[ProductCategory].[ProductCategory].[ProductCategory]MEMBER_NAME,[ProductCategory].[ProductCategory].[ProductCategory]MEMBER_UNIQUE_NAME,[ProductCategory].[ProductCategory].[ProductCategory]MEMBER_KEY,[ProductCategory].[ProductCategory].[ProductCategory]MEMBER_TYPE,[ProductCategory].[ProductCategory].[ProductCategory]MEMBER_VALUE,[ProductCategory].[ProductCategory].[ProductCategory]LEVEL_NUMBER,[ProductCategory].[ProductCategory].[ProductCategory]LEVEL_UNIQUE_NAME,[ProductCategory].[ProductCategory].[ProductCategory]PARENT_LEVEL,[ProductCategory].[ProductCategory].[ProductCategory]PARENT_UNIQUE_NAME,[ProductCategory].[ProductCategory].[ProductCategory]PARENT_COUNT,[ProductCategory].[ProductCategory].[ProductCategory]CHILDREN_CARDINALITY ON COLUMNS  FROM [Model] WHERE ([Measures].[Total Sales]) CELL PROPERTIES VALUE, FORMAT_STRING, BACK_COLOR, FORE_COLOR
REQUEST XML:
<soap:Envelope xmlns:soap="http://schemas.xmlsoap.org/soap/envelope/"><soap:Header><Session xmlns="urn:schemas-microsoft-com:xml-analysis" SessionId="RUST-SESSION-456"/></soap:Header><soap:Body><Execute xmlns="urn:schemas-microsoft-com:xml-analysis"><Command><Statement>SELECT NON EMPTY Hierarchize(DrilldownMember(CrossJoin({[ProductCategory].[ProductCategory].[All],[ProductCategory].[ProductCategory].[ProductCategory].AllMembers}, {([Region].[Region].[All])}), {-{[ProductCategory].[ProductCategory].&amp;[Category C]}}, [Region].[Region])) DIMENSION PROPERTIES PARENT_UNIQUE_NAME,HIERARCHY_UNIQUE_NAME,[Region].[Region].[Region]MEMBER_CAPTION,[Region].[Region].[Region]MEMBER_NAME,[Region].[Region].[Region]MEMBER_UNIQUE_NAME,[Region].[Region].[Region]MEMBER_KEY,[Region].[Region].[Region]MEMBER_TYPE,[Region].[Region].[Region]MEMBER_VALUE,[Region].[Region].[Region]LEVEL_NUMBER,[Region].[Region].[Region]LEVEL_UNIQUE_NAME,[Region].[Region].[Region]PARENT_LEVEL,[Region].[Region].[Region]PARENT_UNIQUE_NAME,[Region].[Region].[Region]PARENT_COUNT,[Region].[Region].[Region]CHILDREN_CARDINALITY,[ProductCategory].[ProductCategory].[ProductCategory]MEMBER_CAPTION,[ProductCategory].[ProductCategory].[ProductCategory]MEMBER_NAME,[ProductCategory].[ProductCategory].[ProductCategory]MEMBER_UNIQUE_NAME,[ProductCategory].[ProductCategory].[ProductCategory]MEMBER_KEY,[ProductCategory].[ProductCategory].[ProductCategory]MEMBER_TYPE,[ProductCategory].[ProductCategory].[ProductCategory]MEMBER_VALUE,[ProductCategory].[ProductCategory].[ProductCategory]LEVEL_NUMBER,[ProductCategory].[ProductCategory].[ProductCategory]LEVEL_UNIQUE_NAME,[ProductCategory].[ProductCategory].[ProductCategory]PARENT_LEVEL,[ProductCategory].[ProductCategory].[ProductCategory]PARENT_UNIQUE_NAME,[ProductCategory].[ProductCategory].[ProductCategory]PARENT_COUNT,[ProductCategory].[ProductCategory].[ProductCategory]CHILDREN_CARDINALITY ON COLUMNS  FROM [Model] WHERE ([Measures].[Total Sales]) CELL PROPERTIES VALUE, FORMAT_STRING, BACK_COLOR, FORE_COLOR</Statement></Command><Properties><PropertyList><Catalog>KTH_KEX_MALLOY_CUBE</Catalog><Timeout>0</Timeout><Format>Native</Format><DbpropMsmdFlattened2>false</DbpropMsmdFlattened2><SspropInitAppName>Excel</SspropInitAppName><SafetyOptions>2</SafetyOptions><Dialect>MDX</Dialect><ClientProcessID>10980</ClientProcessID><MdxMissingMemberMode>Error</MdxMissingMemberMode><DbpropMsmdOptimizeResponse>9</DbpropMsmdOptimizeResponse><DbpropMsmdActivityID>A4BBEEB6-1DB9-4A9A-9A65-4105122C7559</DbpropMsmdActivityID><DbpropMsmdRequestID>1E990978-E9CA-41FF-9FB4-524E04D57EAF</DbpropMsmdRequestID><DbpropMsmdCurrentActivityID>A4BBEEB6-1DB9-4A9A-9A65-4105122C7559</DbpropMsmdCurrentActivityID><LocaleIdentifier>1033</LocaleIdentifier><DbpropMsmdMDXCompatibility>1</DbpropMsmdMDXCompatibility><DbpropMsmdSubqueries>2</DbpropMsmdSubqueries></PropertyList></Properties></Execute></soap:Body></soap:Envelope>
RESPONSE XML:
<soap:Envelope xmlns:soap="http://schemas.xmlsoap.org/soap/envelope/">
  <soap:Header>
    <Session xmlns="urn:schemas-microsoft-com:xml-analysis" SessionId="RUST-SESSION-456" />
  </soap:Header>
  <soap:Body>
    <ExecuteResponse xmlns="urn:schemas-microsoft-com:xml-analysis">
      <return>
        <root xmlns="urn:schemas-microsoft-com:xml-analysis:mddataset"
              xmlns:xsi="http://www.w3.org/2001/XMLSchema-instance"
              xmlns:xsd="http://www.w3.org/2001/XMLSchema">
          <xsd:schema targetNamespace="urn:schemas-microsoft-com:xml-analysis:mddataset"
                       elementFormDefault="qualified"
                       xmlns="urn:schemas-microsoft-com:xml-analysis:mddataset">
            <xsd:element name="root">
              <xsd:complexType>
                <xsd:sequence>
                  <xsd:any namespace="http://www.w3.org/2001/XMLSchema"
                           processContents="strict" minOccurs="0"/>
                  <xsd:element name="OlapInfo" minOccurs="0"/>
                  <xsd:element name="Axes" minOccurs="0"/>
                  <xsd:element name="CellData" minOccurs="0"/>
                </xsd:sequence>
              </xsd:complexType>
            </xsd:element>
          </xsd:schema>
          <OlapInfo>
            <CubeInfo>
              <Cube>
                <CubeName>Model</CubeName>
              </Cube>
            </CubeInfo>
            <AxesInfo>
              <AxisInfo name="Axis0">
                <HierarchyInfo name="[ProductCategory].[ProductCategory]">
                  <UName name="[ProductCategory].[ProductCategory].[MEMBER_UNIQUE_NAME]" type="xsd:string"/>
                  <Caption name="[ProductCategory].[ProductCategory].[MEMBER_CAPTION]" type="xsd:string"/>
                  <LName name="[ProductCategory].[ProductCategory].[LEVEL_UNIQUE_NAME]" type="xsd:string"/>
                  <LNum name="[ProductCategory].[ProductCategory].[LEVEL_NUMBER]" type="xsd:int"/>
                  <DisplayInfo name="[ProductCategory].[ProductCategory].[DISPLAY_INFO]" type="xsd:unsignedInt"/>
                  <PARENT_UNIQUE_NAME name="[ProductCategory].[ProductCategory].[PARENT_UNIQUE_NAME]" type="xsd:string"/>
                  <HIERARCHY_UNIQUE_NAME name="[ProductCategory].[ProductCategory].[HIERARCHY_UNIQUE_NAME]" type="xsd:string"/>
                  <MEMBER_NAME name="[ProductCategory].[ProductCategory].[MEMBER_NAME]" type="xsd:string"/>
                  <MEMBER_KEY name="[ProductCategory].[ProductCategory].[MEMBER_KEY]" type="xsd:string"/>
                  <MEMBER_TYPE name="[ProductCategory].[ProductCategory].[MEMBER_TYPE]" type="xsd:int"/>
                  <MEMBER_VALUE name="[ProductCategory].[ProductCategory].[MEMBER_VALUE]" type="xsd:string"/>
                  <PARENT_LEVEL name="[ProductCategory].[ProductCategory].[PARENT_LEVEL]" type="xsd:int"/>
                  <PARENT_COUNT name="[ProductCategory].[ProductCategory].[PARENT_COUNT]" type="xsd:int"/>
                  <CHILDREN_CARDINALITY name="[ProductCategory].[ProductCategory].[CHILDREN_CARDINALITY]" type="xsd:unsignedInt"/>
                </HierarchyInfo>
                <HierarchyInfo name="[Region].[Region]">
                  <UName name="[Region].[Region].[MEMBER_UNIQUE_NAME]" type="xsd:string"/>
                  <Caption name="[Region].[Region].[MEMBER_CAPTION]" type="xsd:string"/>
                  <LName name="[Region].[Region].[LEVEL_UNIQUE_NAME]" type="xsd:string"/>
                  <LNum name="[Region].[Region].[LEVEL_NUMBER]" type="xsd:int"/>
                  <DisplayInfo name="[Region].[Region].[DISPLAY_INFO]" type="xsd:unsignedInt"/>
                  <PARENT_UNIQUE_NAME name="[Region].[Region].[PARENT_UNIQUE_NAME]" type="xsd:string"/>
                  <HIERARCHY_UNIQUE_NAME name="[Region].[Region].[HIERARCHY_UNIQUE_NAME]" type="xsd:string"/>
                  <MEMBER_NAME name="[Region].[Region].[MEMBER_NAME]" type="xsd:string"/>
                  <MEMBER_KEY name="[Region].[Region].[MEMBER_KEY]" type="xsd:string"/>
                  <MEMBER_TYPE name="[Region].[Region].[MEMBER_TYPE]" type="xsd:int"/>
                  <MEMBER_VALUE name="[Region].[Region].[MEMBER_VALUE]" type="xsd:string"/>
                  <PARENT_LEVEL name="[Region].[Region].[PARENT_LEVEL]" type="xsd:int"/>
                  <PARENT_COUNT name="[Region].[Region].[PARENT_COUNT]" type="xsd:int"/>
                  <CHILDREN_CARDINALITY name="[Region].[Region].[CHILDREN_CARDINALITY]" type="xsd:unsignedInt"/>
                </HierarchyInfo>
              </AxisInfo>
              <AxisInfo name="SlicerAxis">
                <HierarchyInfo name="[Measures]">
                  <UName name="[Measures].[MEMBER_UNIQUE_NAME]" type="xsd:string"/>
                  <Caption name="[Measures].[MEMBER_CAPTION]" type="xsd:string"/>
                  <LName name="[Measures].[LEVEL_UNIQUE_NAME]" type="xsd:string"/>
                  <LNum name="[Measures].[LEVEL_NUMBER]" type="xsd:int"/>
                  <DisplayInfo name="[Measures].[DISPLAY_INFO]" type="xsd:unsignedInt"/>
                </HierarchyInfo>
              </AxisInfo>
            </AxesInfo>
            <CellInfo>
              <Value name="VALUE"/>
              <FormatString name="FORMAT_STRING" type="xsd:string"/>
              <BackColor name="BACK_COLOR" type="xsd:string"/>
              <ForeColor name="FORE_COLOR" type="xsd:string"/>
            </CellInfo>
          </OlapInfo>
          <Axes>
            <Axis name="Axis0">
              <Tuples>
                <Tuple>
                  <Member Hierarchy="[ProductCategory].[ProductCategory]">
                    <UName>[ProductCategory].[ProductCategory].&amp;[Category A]</UName>
                    <Caption>Category A</Caption>
                    <LName>[ProductCategory].[ProductCategory].[ProductCategory]</LName>
                    <LNum>1</LNum>
                    <DisplayInfo>3</DisplayInfo>
                    <PARENT_UNIQUE_NAME>[ProductCategory].[ProductCategory].[All]</PARENT_UNIQUE_NAME>
                    <HIERARCHY_UNIQUE_NAME>[ProductCategory].[ProductCategory]</HIERARCHY_UNIQUE_NAME>
                    <MEMBER_NAME>Category A</MEMBER_NAME>
                    <MEMBER_KEY>Category A</MEMBER_KEY>
                    <MEMBER_TYPE>1</MEMBER_TYPE>
                    <MEMBER_VALUE>Category A</MEMBER_VALUE>
                    <PARENT_LEVEL>0</PARENT_LEVEL>
                    <PARENT_COUNT>1</PARENT_COUNT>
                    <CHILDREN_CARDINALITY>0</CHILDREN_CARDINALITY>
                  </Member>
                  <Member Hierarchy="[Region].[Region]">
                    <UName>[Region].[Region].&amp;[North]</UName>
                    <Caption>North</Caption>
                    <LName>[Region].[Region].[Region]</LName>
                    <LNum>1</LNum>
                    <DisplayInfo>3</DisplayInfo>
                    <PARENT_UNIQUE_NAME>[Region].[Region].[All]</PARENT_UNIQUE_NAME>
                    <HIERARCHY_UNIQUE_NAME>[Region].[Region]</HIERARCHY_UNIQUE_NAME>
                    <MEMBER_NAME>North</MEMBER_NAME>
                    <MEMBER_KEY>North</MEMBER_KEY>
                    <MEMBER_TYPE>1</MEMBER_TYPE>
                    <MEMBER_VALUE>North</MEMBER_VALUE>
                    <PARENT_LEVEL>0</PARENT_LEVEL>
                    <PARENT_COUNT>1</PARENT_COUNT>
                    <CHILDREN_CARDINALITY>0</CHILDREN_CARDINALITY>
                  </Member>
                </Tuple>
                <Tuple>
                  <Member Hierarchy="[ProductCategory].[ProductCategory]">
                    <UName>[ProductCategory].[ProductCategory].&amp;[Category A]</UName>
                    <Caption>Category A</Caption>
                    <LName>[ProductCategory].[ProductCategory].[ProductCategory]</LName>
                    <LNum>1</LNum>
                    <DisplayInfo>3</DisplayInfo>
                    <PARENT_UNIQUE_NAME>[ProductCategory].[ProductCategory].[All]</PARENT_UNIQUE_NAME>
                    <HIERARCHY_UNIQUE_NAME>[ProductCategory].[ProductCategory]</HIERARCHY_UNIQUE_NAME>
                    <MEMBER_NAME>Category A</MEMBER_NAME>
                    <MEMBER_KEY>Category A</MEMBER_KEY>
                    <MEMBER_TYPE>1</MEMBER_TYPE>
                    <MEMBER_VALUE>Category A</MEMBER_VALUE>
                    <PARENT_LEVEL>0</PARENT_LEVEL>
                    <PARENT_COUNT>1</PARENT_COUNT>
                    <CHILDREN_CARDINALITY>0</CHILDREN_CARDINALITY>
                  </Member>
                  <Member Hierarchy="[Region].[Region]">
                    <UName>[Region].[Region].&amp;[South]</UName>
                    <Caption>South</Caption>
                    <LName>[Region].[Region].[Region]</LName>
                    <LNum>1</LNum>
                    <DisplayInfo>3</DisplayInfo>
                    <PARENT_UNIQUE_NAME>[Region].[Region].[All]</PARENT_UNIQUE_NAME>
                    <HIERARCHY_UNIQUE_NAME>[Region].[Region]</HIERARCHY_UNIQUE_NAME>
                    <MEMBER_NAME>South</MEMBER_NAME>
                    <MEMBER_KEY>South</MEMBER_KEY>
                    <MEMBER_TYPE>1</MEMBER_TYPE>
                    <MEMBER_VALUE>South</MEMBER_VALUE>
                    <PARENT_LEVEL>0</PARENT_LEVEL>
                    <PARENT_COUNT>1</PARENT_COUNT>
                    <CHILDREN_CARDINALITY>0</CHILDREN_CARDINALITY>
                  </Member>
                </Tuple>
                <Tuple>
                  <Member Hierarchy="[ProductCategory].[ProductCategory]">
                    <UName>[ProductCategory].[ProductCategory].&amp;[Category B]</UName>
                    <Caption>Category B</Caption>
                    <LName>[ProductCategory].[ProductCategory].[ProductCategory]</LName>
                    <LNum>1</LNum>
                    <DisplayInfo>3</DisplayInfo>
                    <PARENT_UNIQUE_NAME>[ProductCategory].[ProductCategory].[All]</PARENT_UNIQUE_NAME>
                    <HIERARCHY_UNIQUE_NAME>[ProductCategory].[ProductCategory]</HIERARCHY_UNIQUE_NAME>
                    <MEMBER_NAME>Category B</MEMBER_NAME>
                    <MEMBER_KEY>Category B</MEMBER_KEY>
                    <MEMBER_TYPE>1</MEMBER_TYPE>
                    <MEMBER_VALUE>Category B</MEMBER_VALUE>
                    <PARENT_LEVEL>0</PARENT_LEVEL>
                    <PARENT_COUNT>1</PARENT_COUNT>
                    <CHILDREN_CARDINALITY>0</CHILDREN_CARDINALITY>
                  </Member>
                  <Member Hierarchy="[Region].[Region]">
                    <UName>[Region].[Region].&amp;[North]</UName>
                    <Caption>North</Caption>
                    <LName>[Region].[Region].[Region]</LName>
                    <LNum>1</LNum>
                    <DisplayInfo>3</DisplayInfo>
                    <PARENT_UNIQUE_NAME>[Region].[Region].[All]</PARENT_UNIQUE_NAME>
                    <HIERARCHY_UNIQUE_NAME>[Region].[Region]</HIERARCHY_UNIQUE_NAME>
                    <MEMBER_NAME>North</MEMBER_NAME>
                    <MEMBER_KEY>North</MEMBER_KEY>
                    <MEMBER_TYPE>1</MEMBER_TYPE>
                    <MEMBER_VALUE>North</MEMBER_VALUE>
                    <PARENT_LEVEL>0</PARENT_LEVEL>
                    <PARENT_COUNT>1</PARENT_COUNT>
                    <CHILDREN_CARDINALITY>0</CHILDREN_CARDINALITY>
                  </Member>
                </Tuple>
                <Tuple>
                  <Member Hierarchy="[ProductCategory].[ProductCategory]">
                    <UName>[ProductCategory].[ProductCategory].&amp;[Category B]</UName>
                    <Caption>Category B</Caption>
                    <LName>[ProductCategory].[ProductCategory].[ProductCategory]</LName>
                    <LNum>1</LNum>
                    <DisplayInfo>3</DisplayInfo>
                    <PARENT_UNIQUE_NAME>[ProductCategory].[ProductCategory].[All]</PARENT_UNIQUE_NAME>
                    <HIERARCHY_UNIQUE_NAME>[ProductCategory].[ProductCategory]</HIERARCHY_UNIQUE_NAME>
                    <MEMBER_NAME>Category B</MEMBER_NAME>
                    <MEMBER_KEY>Category B</MEMBER_KEY>
                    <MEMBER_TYPE>1</MEMBER_TYPE>
                    <MEMBER_VALUE>Category B</MEMBER_VALUE>
                    <PARENT_LEVEL>0</PARENT_LEVEL>
                    <PARENT_COUNT>1</PARENT_COUNT>
                    <CHILDREN_CARDINALITY>0</CHILDREN_CARDINALITY>
                  </Member>
                  <Member Hierarchy="[Region].[Region]">
                    <UName>[Region].[Region].&amp;[South]</UName>
                    <Caption>South</Caption>
                    <LName>[Region].[Region].[Region]</LName>
                    <LNum>1</LNum>
                    <DisplayInfo>3</DisplayInfo>
                    <PARENT_UNIQUE_NAME>[Region].[Region].[All]</PARENT_UNIQUE_NAME>
                    <HIERARCHY_UNIQUE_NAME>[Region].[Region]</HIERARCHY_UNIQUE_NAME>
                    <MEMBER_NAME>South</MEMBER_NAME>
                    <MEMBER_KEY>South</MEMBER_KEY>
                    <MEMBER_TYPE>1</MEMBER_TYPE>
                    <MEMBER_VALUE>South</MEMBER_VALUE>
                    <PARENT_LEVEL>0</PARENT_LEVEL>
                    <PARENT_COUNT>1</PARENT_COUNT>
                    <CHILDREN_CARDINALITY>0</CHILDREN_CARDINALITY>
                  </Member>
                </Tuple>
                <Tuple>
                  <Member Hierarchy="[ProductCategory].[ProductCategory]">
                    <UName>[ProductCategory].[ProductCategory].&amp;[Category C]</UName>
                    <Caption>Category C</Caption>
                    <LName>[ProductCategory].[ProductCategory].[ProductCategory]</LName>
                    <LNum>1</LNum>
                    <DisplayInfo>3</DisplayInfo>
                    <PARENT_UNIQUE_NAME>[ProductCategory].[ProductCategory].[All]</PARENT_UNIQUE_NAME>
                    <HIERARCHY_UNIQUE_NAME>[ProductCategory].[ProductCategory]</HIERARCHY_UNIQUE_NAME>
                    <MEMBER_NAME>Category C</MEMBER_NAME>
                    <MEMBER_KEY>Category C</MEMBER_KEY>
                    <MEMBER_TYPE>1</MEMBER_TYPE>
                    <MEMBER_VALUE>Category C</MEMBER_VALUE>
                    <PARENT_LEVEL>0</PARENT_LEVEL>
                    <PARENT_COUNT>1</PARENT_COUNT>
                    <CHILDREN_CARDINALITY>0</CHILDREN_CARDINALITY>
                  </Member>
                  <Member Hierarchy="[Region].[Region]">
                    <UName>[Region].[Region].[All]</UName>
                    <Caption>All</Caption>
                    <LName>[Region].[Region].[(All)]</LName>
                    <LNum>0</LNum>
                    <DisplayInfo>5</DisplayInfo>
                    <HIERARCHY_UNIQUE_NAME>[Region].[Region]</HIERARCHY_UNIQUE_NAME>
                    <MEMBER_NAME>All</MEMBER_NAME>
                    <MEMBER_KEY>All</MEMBER_KEY>
                    <MEMBER_TYPE>2</MEMBER_TYPE>
                    <MEMBER_VALUE>All</MEMBER_VALUE>
                    <PARENT_LEVEL>0</PARENT_LEVEL>
                    <PARENT_COUNT>0</PARENT_COUNT>
                    <CHILDREN_CARDINALITY>2</CHILDREN_CARDINALITY>
                  </Member>
                </Tuple>
                <Tuple>
                  <Member Hierarchy="[ProductCategory].[ProductCategory]">
                    <UName>[ProductCategory].[ProductCategory].&amp;[Category D]</UName>
                    <Caption>Category D</Caption>
                    <LName>[ProductCategory].[ProductCategory].[ProductCategory]</LName>
                    <LNum>1</LNum>
                    <DisplayInfo>3</DisplayInfo>
                    <PARENT_UNIQUE_NAME>[ProductCategory].[ProductCategory].[All]</PARENT_UNIQUE_NAME>
                    <HIERARCHY_UNIQUE_NAME>[ProductCategory].[ProductCategory]</HIERARCHY_UNIQUE_NAME>
                    <MEMBER_NAME>Category D</MEMBER_NAME>
                    <MEMBER_KEY>Category D</MEMBER_KEY>
                    <MEMBER_TYPE>1</MEMBER_TYPE>
                    <MEMBER_VALUE>Category D</MEMBER_VALUE>
                    <PARENT_LEVEL>0</PARENT_LEVEL>
                    <PARENT_COUNT>1</PARENT_COUNT>
                    <CHILDREN_CARDINALITY>0</CHILDREN_CARDINALITY>
                  </Member>
                  <Member Hierarchy="[Region].[Region]">
                    <UName>[Region].[Region].&amp;[North]</UName>
                    <Caption>North</Caption>
                    <LName>[Region].[Region].[Region]</LName>
                    <LNum>1</LNum>
                    <DisplayInfo>3</DisplayInfo>
                    <PARENT_UNIQUE_NAME>[Region].[Region].[All]</PARENT_UNIQUE_NAME>
                    <HIERARCHY_UNIQUE_NAME>[Region].[Region]</HIERARCHY_UNIQUE_NAME>
                    <MEMBER_NAME>North</MEMBER_NAME>
                    <MEMBER_KEY>North</MEMBER_KEY>
                    <MEMBER_TYPE>1</MEMBER_TYPE>
                    <MEMBER_VALUE>North</MEMBER_VALUE>
                    <PARENT_LEVEL>0</PARENT_LEVEL>
                    <PARENT_COUNT>1</PARENT_COUNT>
                    <CHILDREN_CARDINALITY>0</CHILDREN_CARDINALITY>
                  </Member>
                </Tuple>
                <Tuple>
                  <Member Hierarchy="[ProductCategory].[ProductCategory]">
                    <UName>[ProductCategory].[ProductCategory].&amp;[Category D]</UName>
                    <Caption>Category D</Caption>
                    <LName>[ProductCategory].[ProductCategory].[ProductCategory]</LName>
                    <LNum>1</LNum>
                    <DisplayInfo>3</DisplayInfo>
                    <PARENT_UNIQUE_NAME>[ProductCategory].[ProductCategory].[All]</PARENT_UNIQUE_NAME>
                    <HIERARCHY_UNIQUE_NAME>[ProductCategory].[ProductCategory]</HIERARCHY_UNIQUE_NAME>
                    <MEMBER_NAME>Category D</MEMBER_NAME>
                    <MEMBER_KEY>Category D</MEMBER_KEY>
                    <MEMBER_TYPE>1</MEMBER_TYPE>
                    <MEMBER_VALUE>Category D</MEMBER_VALUE>
                    <PARENT_LEVEL>0</PARENT_LEVEL>
                    <PARENT_COUNT>1</PARENT_COUNT>
                    <CHILDREN_CARDINALITY>0</CHILDREN_CARDINALITY>
                  </Member>
                  <Member Hierarchy="[Region].[Region]">
                    <UName>[Region].[Region].&amp;[South]</UName>
                    <Caption>South</Caption>
                    <LName>[Region].[Region].[Region]</LName>
                    <LNum>1</LNum>
                    <DisplayInfo>3</DisplayInfo>
                    <PARENT_UNIQUE_NAME>[Region].[Region].[All]</PARENT_UNIQUE_NAME>
                    <HIERARCHY_UNIQUE_NAME>[Region].[Region]</HIERARCHY_UNIQUE_NAME>
                    <MEMBER_NAME>South</MEMBER_NAME>
                    <MEMBER_KEY>South</MEMBER_KEY>
                    <MEMBER_TYPE>1</MEMBER_TYPE>
                    <MEMBER_VALUE>South</MEMBER_VALUE>
                    <PARENT_LEVEL>0</PARENT_LEVEL>
                    <PARENT_COUNT>1</PARENT_COUNT>
                    <CHILDREN_CARDINALITY>0</CHILDREN_CARDINALITY>
                  </Member>
                </Tuple>
              </Tuples>
            </Axis>
            <Axis name="SlicerAxis">
              <Tuples>
                <Tuple>
                  <Member Hierarchy="[Measures]">
                    <UName>[Measures].[Total Sales]</UName>
                    <Caption>Total Sales (SEK)</Caption>
                    <LName>[Measures].[MeasuresLevel]</LName>
                    <LNum>0</LNum>
                    <DisplayInfo>131072</DisplayInfo>
                  </Member>
                </Tuple>
              </Tuples>
            </Axis>
          </Axes>
          <CellData>
            <Cell CellOrdinal="0">
              <Value xsi:type="xsd:double">100000</Value>
              <FormatString>#,##0.00 SEK</FormatString>
              <BackColor></BackColor>
              <ForeColor></ForeColor>
            </Cell>
            <Cell CellOrdinal="1">
              <Value xsi:type="xsd:double">200000</Value>
              <FormatString>#,##0.00 SEK</FormatString>
              <BackColor></BackColor>
              <ForeColor></ForeColor>
            </Cell>
            <Cell CellOrdinal="2">
              <Value xsi:type="xsd:double">150000</Value>
              <FormatString>#,##0.00 SEK</FormatString>
              <BackColor></BackColor>
              <ForeColor></ForeColor>
            </Cell>
            <Cell CellOrdinal="3">
              <Value xsi:type="xsd:double">100000</Value>
              <FormatString>#,##0.00 SEK</FormatString>
              <BackColor></BackColor>
              <ForeColor></ForeColor>
            </Cell>
            <Cell CellOrdinal="4">
              <Value xsi:type="xsd:double">400000</Value>
              <FormatString>#,##0.00 SEK</FormatString>
              <BackColor></BackColor>
              <ForeColor></ForeColor>
            </Cell>
            <Cell CellOrdinal="5">
              <Value xsi:type="xsd:double">200000</Value>
              <FormatString>#,##0.00 SEK</FormatString>
              <BackColor></BackColor>
              <ForeColor></ForeColor>
            </Cell>
            <Cell CellOrdinal="6">
              <Value xsi:type="xsd:double">100500.5</Value>
              <FormatString>#,##0.00 SEK</FormatString>
              <BackColor></BackColor>
              <ForeColor></ForeColor>
            </Cell>
          </CellData>
        </root>
      </return>
    </ExecuteResponse>
  </soap:Body>
</soap:Envelope>
===== EXECUTE REQUEST =====
MDX: SELECT NON EMPTY Hierarchize(DrilldownMember(CrossJoin({[ProductCategory].[ProductCategory].[All],[ProductCategory].[ProductCategory].[ProductCategory].AllMembers}, {([Region].[Region].[All])}), {-{[ProductCategory].[ProductCategory].&[Category D], [ProductCategory].[ProductCategory].&[Category C]}}, [Region].[Region])) DIMENSION PROPERTIES PARENT_UNIQUE_NAME,HIERARCHY_UNIQUE_NAME,[Region].[Region].[Region]MEMBER_CAPTION,[Region].[Region].[Region]MEMBER_NAME,[Region].[Region].[Region]MEMBER_UNIQUE_NAME,[Region].[Region].[Region]MEMBER_KEY,[Region].[Region].[Region]MEMBER_TYPE,[Region].[Region].[Region]MEMBER_VALUE,[Region].[Region].[Region]LEVEL_NUMBER,[Region].[Region].[Region]LEVEL_UNIQUE_NAME,[Region].[Region].[Region]PARENT_LEVEL,[Region].[Region].[Region]PARENT_UNIQUE_NAME,[Region].[Region].[Region]PARENT_COUNT,[Region].[Region].[Region]CHILDREN_CARDINALITY,[ProductCategory].[ProductCategory].[ProductCategory]MEMBER_CAPTION,[ProductCategory].[ProductCategory].[ProductCategory]MEMBER_NAME,[ProductCategory].[ProductCategory].[ProductCategory]MEMBER_UNIQUE_NAME,[ProductCategory].[ProductCategory].[ProductCategory]MEMBER_KEY,[ProductCategory].[ProductCategory].[ProductCategory]MEMBER_TYPE,[ProductCategory].[ProductCategory].[ProductCategory]MEMBER_VALUE,[ProductCategory].[ProductCategory].[ProductCategory]LEVEL_NUMBER,[ProductCategory].[ProductCategory].[ProductCategory]LEVEL_UNIQUE_NAME,[ProductCategory].[ProductCategory].[ProductCategory]PARENT_LEVEL,[ProductCategory].[ProductCategory].[ProductCategory]PARENT_UNIQUE_NAME,[ProductCategory].[ProductCategory].[ProductCategory]PARENT_COUNT,[ProductCategory].[ProductCategory].[ProductCategory]CHILDREN_CARDINALITY ON COLUMNS  FROM [Model] WHERE ([Measures].[Total Sales]) CELL PROPERTIES VALUE, FORMAT_STRING, BACK_COLOR, FORE_COLOR
REQUEST XML:
<soap:Envelope xmlns:soap="http://schemas.xmlsoap.org/soap/envelope/"><soap:Header><Session xmlns="urn:schemas-microsoft-com:xml-analysis" SessionId="RUST-SESSION-456"/></soap:Header><soap:Body><Execute xmlns="urn:schemas-microsoft-com:xml-analysis"><Command><Statement>SELECT NON EMPTY Hierarchize(DrilldownMember(CrossJoin({[ProductCategory].[ProductCategory].[All],[ProductCategory].[ProductCategory].[ProductCategory].AllMembers}, {([Region].[Region].[All])}), {-{[ProductCategory].[ProductCategory].&amp;[Category D], [ProductCategory].[ProductCategory].&amp;[Category C]}}, [Region].[Region])) DIMENSION PROPERTIES PARENT_UNIQUE_NAME,HIERARCHY_UNIQUE_NAME,[Region].[Region].[Region]MEMBER_CAPTION,[Region].[Region].[Region]MEMBER_NAME,[Region].[Region].[Region]MEMBER_UNIQUE_NAME,[Region].[Region].[Region]MEMBER_KEY,[Region].[Region].[Region]MEMBER_TYPE,[Region].[Region].[Region]MEMBER_VALUE,[Region].[Region].[Region]LEVEL_NUMBER,[Region].[Region].[Region]LEVEL_UNIQUE_NAME,[Region].[Region].[Region]PARENT_LEVEL,[Region].[Region].[Region]PARENT_UNIQUE_NAME,[Region].[Region].[Region]PARENT_COUNT,[Region].[Region].[Region]CHILDREN_CARDINALITY,[ProductCategory].[ProductCategory].[ProductCategory]MEMBER_CAPTION,[ProductCategory].[ProductCategory].[ProductCategory]MEMBER_NAME,[ProductCategory].[ProductCategory].[ProductCategory]MEMBER_UNIQUE_NAME,[ProductCategory].[ProductCategory].[ProductCategory]MEMBER_KEY,[ProductCategory].[ProductCategory].[ProductCategory]MEMBER_TYPE,[ProductCategory].[ProductCategory].[ProductCategory]MEMBER_VALUE,[ProductCategory].[ProductCategory].[ProductCategory]LEVEL_NUMBER,[ProductCategory].[ProductCategory].[ProductCategory]LEVEL_UNIQUE_NAME,[ProductCategory].[ProductCategory].[ProductCategory]PARENT_LEVEL,[ProductCategory].[ProductCategory].[ProductCategory]PARENT_UNIQUE_NAME,[ProductCategory].[ProductCategory].[ProductCategory]PARENT_COUNT,[ProductCategory].[ProductCategory].[ProductCategory]CHILDREN_CARDINALITY ON COLUMNS  FROM [Model] WHERE ([Measures].[Total Sales]) CELL PROPERTIES VALUE, FORMAT_STRING, BACK_COLOR, FORE_COLOR</Statement></Command><Properties><PropertyList><Catalog>KTH_KEX_MALLOY_CUBE</Catalog><Timeout>0</Timeout><Format>Native</Format><DbpropMsmdFlattened2>false</DbpropMsmdFlattened2><SspropInitAppName>Excel</SspropInitAppName><SafetyOptions>2</SafetyOptions><Dialect>MDX</Dialect><ClientProcessID>10980</ClientProcessID><MdxMissingMemberMode>Error</MdxMissingMemberMode><DbpropMsmdOptimizeResponse>9</DbpropMsmdOptimizeResponse><DbpropMsmdActivityID>A4BBEEB6-1DB9-4A9A-9A65-4105122C7559</DbpropMsmdActivityID><DbpropMsmdRequestID>9726A40C-16FC-4D2B-9A6F-0CD3D65C53B4</DbpropMsmdRequestID><DbpropMsmdCurrentActivityID>A4BBEEB6-1DB9-4A9A-9A65-4105122C7559</DbpropMsmdCurrentActivityID><LocaleIdentifier>1033</LocaleIdentifier><DbpropMsmdMDXCompatibility>1</DbpropMsmdMDXCompatibility><DbpropMsmdSubqueries>2</DbpropMsmdSubqueries></PropertyList></Properties></Execute></soap:Body></soap:Envelope>
RESPONSE XML:
<soap:Envelope xmlns:soap="http://schemas.xmlsoap.org/soap/envelope/">
  <soap:Header>
    <Session xmlns="urn:schemas-microsoft-com:xml-analysis" SessionId="RUST-SESSION-456" />
  </soap:Header>
  <soap:Body>
    <ExecuteResponse xmlns="urn:schemas-microsoft-com:xml-analysis">
      <return>
        <root xmlns="urn:schemas-microsoft-com:xml-analysis:mddataset"
              xmlns:xsi="http://www.w3.org/2001/XMLSchema-instance"
              xmlns:xsd="http://www.w3.org/2001/XMLSchema">
          <xsd:schema targetNamespace="urn:schemas-microsoft-com:xml-analysis:mddataset"
                       elementFormDefault="qualified"
                       xmlns="urn:schemas-microsoft-com:xml-analysis:mddataset">
            <xsd:element name="root">
              <xsd:complexType>
                <xsd:sequence>
                  <xsd:any namespace="http://www.w3.org/2001/XMLSchema"
                           processContents="strict" minOccurs="0"/>
                  <xsd:element name="OlapInfo" minOccurs="0"/>
                  <xsd:element name="Axes" minOccurs="0"/>
                  <xsd:element name="CellData" minOccurs="0"/>
                </xsd:sequence>
              </xsd:complexType>
            </xsd:element>
          </xsd:schema>
          <OlapInfo>
            <CubeInfo>
              <Cube>
                <CubeName>Model</CubeName>
              </Cube>
            </CubeInfo>
            <AxesInfo>
              <AxisInfo name="Axis0">
                <HierarchyInfo name="[ProductCategory].[ProductCategory]">
                  <UName name="[ProductCategory].[ProductCategory].[MEMBER_UNIQUE_NAME]" type="xsd:string"/>
                  <Caption name="[ProductCategory].[ProductCategory].[MEMBER_CAPTION]" type="xsd:string"/>
                  <LName name="[ProductCategory].[ProductCategory].[LEVEL_UNIQUE_NAME]" type="xsd:string"/>
                  <LNum name="[ProductCategory].[ProductCategory].[LEVEL_NUMBER]" type="xsd:int"/>
                  <DisplayInfo name="[ProductCategory].[ProductCategory].[DISPLAY_INFO]" type="xsd:unsignedInt"/>
                  <PARENT_UNIQUE_NAME name="[ProductCategory].[ProductCategory].[PARENT_UNIQUE_NAME]" type="xsd:string"/>
                  <HIERARCHY_UNIQUE_NAME name="[ProductCategory].[ProductCategory].[HIERARCHY_UNIQUE_NAME]" type="xsd:string"/>
                  <MEMBER_NAME name="[ProductCategory].[ProductCategory].[MEMBER_NAME]" type="xsd:string"/>
                  <MEMBER_KEY name="[ProductCategory].[ProductCategory].[MEMBER_KEY]" type="xsd:string"/>
                  <MEMBER_TYPE name="[ProductCategory].[ProductCategory].[MEMBER_TYPE]" type="xsd:int"/>
                  <MEMBER_VALUE name="[ProductCategory].[ProductCategory].[MEMBER_VALUE]" type="xsd:string"/>
                  <PARENT_LEVEL name="[ProductCategory].[ProductCategory].[PARENT_LEVEL]" type="xsd:int"/>
                  <PARENT_COUNT name="[ProductCategory].[ProductCategory].[PARENT_COUNT]" type="xsd:int"/>
                  <CHILDREN_CARDINALITY name="[ProductCategory].[ProductCategory].[CHILDREN_CARDINALITY]" type="xsd:unsignedInt"/>
                </HierarchyInfo>
                <HierarchyInfo name="[Region].[Region]">
                  <UName name="[Region].[Region].[MEMBER_UNIQUE_NAME]" type="xsd:string"/>
                  <Caption name="[Region].[Region].[MEMBER_CAPTION]" type="xsd:string"/>
                  <LName name="[Region].[Region].[LEVEL_UNIQUE_NAME]" type="xsd:string"/>
                  <LNum name="[Region].[Region].[LEVEL_NUMBER]" type="xsd:int"/>
                  <DisplayInfo name="[Region].[Region].[DISPLAY_INFO]" type="xsd:unsignedInt"/>
                  <PARENT_UNIQUE_NAME name="[Region].[Region].[PARENT_UNIQUE_NAME]" type="xsd:string"/>
                  <HIERARCHY_UNIQUE_NAME name="[Region].[Region].[HIERARCHY_UNIQUE_NAME]" type="xsd:string"/>
                  <MEMBER_NAME name="[Region].[Region].[MEMBER_NAME]" type="xsd:string"/>
                  <MEMBER_KEY name="[Region].[Region].[MEMBER_KEY]" type="xsd:string"/>
                  <MEMBER_TYPE name="[Region].[Region].[MEMBER_TYPE]" type="xsd:int"/>
                  <MEMBER_VALUE name="[Region].[Region].[MEMBER_VALUE]" type="xsd:string"/>
                  <PARENT_LEVEL name="[Region].[Region].[PARENT_LEVEL]" type="xsd:int"/>
                  <PARENT_COUNT name="[Region].[Region].[PARENT_COUNT]" type="xsd:int"/>
                  <CHILDREN_CARDINALITY name="[Region].[Region].[CHILDREN_CARDINALITY]" type="xsd:unsignedInt"/>
                </HierarchyInfo>
              </AxisInfo>
              <AxisInfo name="SlicerAxis">
                <HierarchyInfo name="[Measures]">
                  <UName name="[Measures].[MEMBER_UNIQUE_NAME]" type="xsd:string"/>
                  <Caption name="[Measures].[MEMBER_CAPTION]" type="xsd:string"/>
                  <LName name="[Measures].[LEVEL_UNIQUE_NAME]" type="xsd:string"/>
                  <LNum name="[Measures].[LEVEL_NUMBER]" type="xsd:int"/>
                  <DisplayInfo name="[Measures].[DISPLAY_INFO]" type="xsd:unsignedInt"/>
                </HierarchyInfo>
              </AxisInfo>
            </AxesInfo>
            <CellInfo>
              <Value name="VALUE"/>
              <FormatString name="FORMAT_STRING" type="xsd:string"/>
              <BackColor name="BACK_COLOR" type="xsd:string"/>
              <ForeColor name="FORE_COLOR" type="xsd:string"/>
            </CellInfo>
          </OlapInfo>
          <Axes>
            <Axis name="Axis0">
              <Tuples>
                <Tuple>
                  <Member Hierarchy="[ProductCategory].[ProductCategory]">
                    <UName>[ProductCategory].[ProductCategory].&amp;[Category A]</UName>
                    <Caption>Category A</Caption>
                    <LName>[ProductCategory].[ProductCategory].[ProductCategory]</LName>
                    <LNum>1</LNum>
                    <DisplayInfo>3</DisplayInfo>
                    <PARENT_UNIQUE_NAME>[ProductCategory].[ProductCategory].[All]</PARENT_UNIQUE_NAME>
                    <HIERARCHY_UNIQUE_NAME>[ProductCategory].[ProductCategory]</HIERARCHY_UNIQUE_NAME>
                    <MEMBER_NAME>Category A</MEMBER_NAME>
                    <MEMBER_KEY>Category A</MEMBER_KEY>
                    <MEMBER_TYPE>1</MEMBER_TYPE>
                    <MEMBER_VALUE>Category A</MEMBER_VALUE>
                    <PARENT_LEVEL>0</PARENT_LEVEL>
                    <PARENT_COUNT>1</PARENT_COUNT>
                    <CHILDREN_CARDINALITY>0</CHILDREN_CARDINALITY>
                  </Member>
                  <Member Hierarchy="[Region].[Region]">
                    <UName>[Region].[Region].&amp;[North]</UName>
                    <Caption>North</Caption>
                    <LName>[Region].[Region].[Region]</LName>
                    <LNum>1</LNum>
                    <DisplayInfo>3</DisplayInfo>
                    <PARENT_UNIQUE_NAME>[Region].[Region].[All]</PARENT_UNIQUE_NAME>
                    <HIERARCHY_UNIQUE_NAME>[Region].[Region]</HIERARCHY_UNIQUE_NAME>
                    <MEMBER_NAME>North</MEMBER_NAME>
                    <MEMBER_KEY>North</MEMBER_KEY>
                    <MEMBER_TYPE>1</MEMBER_TYPE>
                    <MEMBER_VALUE>North</MEMBER_VALUE>
                    <PARENT_LEVEL>0</PARENT_LEVEL>
                    <PARENT_COUNT>1</PARENT_COUNT>
                    <CHILDREN_CARDINALITY>0</CHILDREN_CARDINALITY>
                  </Member>
                </Tuple>
                <Tuple>
                  <Member Hierarchy="[ProductCategory].[ProductCategory]">
                    <UName>[ProductCategory].[ProductCategory].&amp;[Category A]</UName>
                    <Caption>Category A</Caption>
                    <LName>[ProductCategory].[ProductCategory].[ProductCategory]</LName>
                    <LNum>1</LNum>
                    <DisplayInfo>3</DisplayInfo>
                    <PARENT_UNIQUE_NAME>[ProductCategory].[ProductCategory].[All]</PARENT_UNIQUE_NAME>
                    <HIERARCHY_UNIQUE_NAME>[ProductCategory].[ProductCategory]</HIERARCHY_UNIQUE_NAME>
                    <MEMBER_NAME>Category A</MEMBER_NAME>
                    <MEMBER_KEY>Category A</MEMBER_KEY>
                    <MEMBER_TYPE>1</MEMBER_TYPE>
                    <MEMBER_VALUE>Category A</MEMBER_VALUE>
                    <PARENT_LEVEL>0</PARENT_LEVEL>
                    <PARENT_COUNT>1</PARENT_COUNT>
                    <CHILDREN_CARDINALITY>0</CHILDREN_CARDINALITY>
                  </Member>
                  <Member Hierarchy="[Region].[Region]">
                    <UName>[Region].[Region].&amp;[South]</UName>
                    <Caption>South</Caption>
                    <LName>[Region].[Region].[Region]</LName>
                    <LNum>1</LNum>
                    <DisplayInfo>3</DisplayInfo>
                    <PARENT_UNIQUE_NAME>[Region].[Region].[All]</PARENT_UNIQUE_NAME>
                    <HIERARCHY_UNIQUE_NAME>[Region].[Region]</HIERARCHY_UNIQUE_NAME>
                    <MEMBER_NAME>South</MEMBER_NAME>
                    <MEMBER_KEY>South</MEMBER_KEY>
                    <MEMBER_TYPE>1</MEMBER_TYPE>
                    <MEMBER_VALUE>South</MEMBER_VALUE>
                    <PARENT_LEVEL>0</PARENT_LEVEL>
                    <PARENT_COUNT>1</PARENT_COUNT>
                    <CHILDREN_CARDINALITY>0</CHILDREN_CARDINALITY>
                  </Member>
                </Tuple>
                <Tuple>
                  <Member Hierarchy="[ProductCategory].[ProductCategory]">
                    <UName>[ProductCategory].[ProductCategory].&amp;[Category B]</UName>
                    <Caption>Category B</Caption>
                    <LName>[ProductCategory].[ProductCategory].[ProductCategory]</LName>
                    <LNum>1</LNum>
                    <DisplayInfo>3</DisplayInfo>
                    <PARENT_UNIQUE_NAME>[ProductCategory].[ProductCategory].[All]</PARENT_UNIQUE_NAME>
                    <HIERARCHY_UNIQUE_NAME>[ProductCategory].[ProductCategory]</HIERARCHY_UNIQUE_NAME>
                    <MEMBER_NAME>Category B</MEMBER_NAME>
                    <MEMBER_KEY>Category B</MEMBER_KEY>
                    <MEMBER_TYPE>1</MEMBER_TYPE>
                    <MEMBER_VALUE>Category B</MEMBER_VALUE>
                    <PARENT_LEVEL>0</PARENT_LEVEL>
                    <PARENT_COUNT>1</PARENT_COUNT>
                    <CHILDREN_CARDINALITY>0</CHILDREN_CARDINALITY>
                  </Member>
                  <Member Hierarchy="[Region].[Region]">
                    <UName>[Region].[Region].&amp;[North]</UName>
                    <Caption>North</Caption>
                    <LName>[Region].[Region].[Region]</LName>
                    <LNum>1</LNum>
                    <DisplayInfo>3</DisplayInfo>
                    <PARENT_UNIQUE_NAME>[Region].[Region].[All]</PARENT_UNIQUE_NAME>
                    <HIERARCHY_UNIQUE_NAME>[Region].[Region]</HIERARCHY_UNIQUE_NAME>
                    <MEMBER_NAME>North</MEMBER_NAME>
                    <MEMBER_KEY>North</MEMBER_KEY>
                    <MEMBER_TYPE>1</MEMBER_TYPE>
                    <MEMBER_VALUE>North</MEMBER_VALUE>
                    <PARENT_LEVEL>0</PARENT_LEVEL>
                    <PARENT_COUNT>1</PARENT_COUNT>
                    <CHILDREN_CARDINALITY>0</CHILDREN_CARDINALITY>
                  </Member>
                </Tuple>
                <Tuple>
                  <Member Hierarchy="[ProductCategory].[ProductCategory]">
                    <UName>[ProductCategory].[ProductCategory].&amp;[Category B]</UName>
                    <Caption>Category B</Caption>
                    <LName>[ProductCategory].[ProductCategory].[ProductCategory]</LName>
                    <LNum>1</LNum>
                    <DisplayInfo>3</DisplayInfo>
                    <PARENT_UNIQUE_NAME>[ProductCategory].[ProductCategory].[All]</PARENT_UNIQUE_NAME>
                    <HIERARCHY_UNIQUE_NAME>[ProductCategory].[ProductCategory]</HIERARCHY_UNIQUE_NAME>
                    <MEMBER_NAME>Category B</MEMBER_NAME>
                    <MEMBER_KEY>Category B</MEMBER_KEY>
                    <MEMBER_TYPE>1</MEMBER_TYPE>
                    <MEMBER_VALUE>Category B</MEMBER_VALUE>
                    <PARENT_LEVEL>0</PARENT_LEVEL>
                    <PARENT_COUNT>1</PARENT_COUNT>
                    <CHILDREN_CARDINALITY>0</CHILDREN_CARDINALITY>
                  </Member>
                  <Member Hierarchy="[Region].[Region]">
                    <UName>[Region].[Region].&amp;[South]</UName>
                    <Caption>South</Caption>
                    <LName>[Region].[Region].[Region]</LName>
                    <LNum>1</LNum>
                    <DisplayInfo>3</DisplayInfo>
                    <PARENT_UNIQUE_NAME>[Region].[Region].[All]</PARENT_UNIQUE_NAME>
                    <HIERARCHY_UNIQUE_NAME>[Region].[Region]</HIERARCHY_UNIQUE_NAME>
                    <MEMBER_NAME>South</MEMBER_NAME>
                    <MEMBER_KEY>South</MEMBER_KEY>
                    <MEMBER_TYPE>1</MEMBER_TYPE>
                    <MEMBER_VALUE>South</MEMBER_VALUE>
                    <PARENT_LEVEL>0</PARENT_LEVEL>
                    <PARENT_COUNT>1</PARENT_COUNT>
                    <CHILDREN_CARDINALITY>0</CHILDREN_CARDINALITY>
                  </Member>
                </Tuple>
                <Tuple>
                  <Member Hierarchy="[ProductCategory].[ProductCategory]">
                    <UName>[ProductCategory].[ProductCategory].&amp;[Category C]</UName>
                    <Caption>Category C</Caption>
                    <LName>[ProductCategory].[ProductCategory].[ProductCategory]</LName>
                    <LNum>1</LNum>
                    <DisplayInfo>3</DisplayInfo>
                    <PARENT_UNIQUE_NAME>[ProductCategory].[ProductCategory].[All]</PARENT_UNIQUE_NAME>
                    <HIERARCHY_UNIQUE_NAME>[ProductCategory].[ProductCategory]</HIERARCHY_UNIQUE_NAME>
                    <MEMBER_NAME>Category C</MEMBER_NAME>
                    <MEMBER_KEY>Category C</MEMBER_KEY>
                    <MEMBER_TYPE>1</MEMBER_TYPE>
                    <MEMBER_VALUE>Category C</MEMBER_VALUE>
                    <PARENT_LEVEL>0</PARENT_LEVEL>
                    <PARENT_COUNT>1</PARENT_COUNT>
                    <CHILDREN_CARDINALITY>0</CHILDREN_CARDINALITY>
                  </Member>
                  <Member Hierarchy="[Region].[Region]">
                    <UName>[Region].[Region].[All]</UName>
                    <Caption>All</Caption>
                    <LName>[Region].[Region].[(All)]</LName>
                    <LNum>0</LNum>
                    <DisplayInfo>5</DisplayInfo>
                    <HIERARCHY_UNIQUE_NAME>[Region].[Region]</HIERARCHY_UNIQUE_NAME>
                    <MEMBER_NAME>All</MEMBER_NAME>
                    <MEMBER_KEY>All</MEMBER_KEY>
                    <MEMBER_TYPE>2</MEMBER_TYPE>
                    <MEMBER_VALUE>All</MEMBER_VALUE>
                    <PARENT_LEVEL>0</PARENT_LEVEL>
                    <PARENT_COUNT>0</PARENT_COUNT>
                    <CHILDREN_CARDINALITY>2</CHILDREN_CARDINALITY>
                  </Member>
                </Tuple>
                <Tuple>
                  <Member Hierarchy="[ProductCategory].[ProductCategory]">
                    <UName>[ProductCategory].[ProductCategory].&amp;[Category D]</UName>
                    <Caption>Category D</Caption>
                    <LName>[ProductCategory].[ProductCategory].[ProductCategory]</LName>
                    <LNum>1</LNum>
                    <DisplayInfo>3</DisplayInfo>
                    <PARENT_UNIQUE_NAME>[ProductCategory].[ProductCategory].[All]</PARENT_UNIQUE_NAME>
                    <HIERARCHY_UNIQUE_NAME>[ProductCategory].[ProductCategory]</HIERARCHY_UNIQUE_NAME>
                    <MEMBER_NAME>Category D</MEMBER_NAME>
                    <MEMBER_KEY>Category D</MEMBER_KEY>
                    <MEMBER_TYPE>1</MEMBER_TYPE>
                    <MEMBER_VALUE>Category D</MEMBER_VALUE>
                    <PARENT_LEVEL>0</PARENT_LEVEL>
                    <PARENT_COUNT>1</PARENT_COUNT>
                    <CHILDREN_CARDINALITY>0</CHILDREN_CARDINALITY>
                  </Member>
                  <Member Hierarchy="[Region].[Region]">
                    <UName>[Region].[Region].[All]</UName>
                    <Caption>All</Caption>
                    <LName>[Region].[Region].[(All)]</LName>
                    <LNum>0</LNum>
                    <DisplayInfo>5</DisplayInfo>
                    <HIERARCHY_UNIQUE_NAME>[Region].[Region]</HIERARCHY_UNIQUE_NAME>
                    <MEMBER_NAME>All</MEMBER_NAME>
                    <MEMBER_KEY>All</MEMBER_KEY>
                    <MEMBER_TYPE>2</MEMBER_TYPE>
                    <MEMBER_VALUE>All</MEMBER_VALUE>
                    <PARENT_LEVEL>0</PARENT_LEVEL>
                    <PARENT_COUNT>0</PARENT_COUNT>
                    <CHILDREN_CARDINALITY>2</CHILDREN_CARDINALITY>
                  </Member>
                </Tuple>
              </Tuples>
            </Axis>
            <Axis name="SlicerAxis">
              <Tuples>
                <Tuple>
                  <Member Hierarchy="[Measures]">
                    <UName>[Measures].[Total Sales]</UName>
                    <Caption>Total Sales (SEK)</Caption>
                    <LName>[Measures].[MeasuresLevel]</LName>
                    <LNum>0</LNum>
                    <DisplayInfo>131072</DisplayInfo>
                  </Member>
                </Tuple>
              </Tuples>
            </Axis>
          </Axes>
          <CellData>
            <Cell CellOrdinal="0">
              <Value xsi:type="xsd:double">100000</Value>
              <FormatString>#,##0.00 SEK</FormatString>
              <BackColor></BackColor>
              <ForeColor></ForeColor>
            </Cell>
            <Cell CellOrdinal="1">
              <Value xsi:type="xsd:double">200000</Value>
              <FormatString>#,##0.00 SEK</FormatString>
              <BackColor></BackColor>
              <ForeColor></ForeColor>
            </Cell>
            <Cell CellOrdinal="2">
              <Value xsi:type="xsd:double">150000</Value>
              <FormatString>#,##0.00 SEK</FormatString>
              <BackColor></BackColor>
              <ForeColor></ForeColor>
            </Cell>
            <Cell CellOrdinal="3">
              <Value xsi:type="xsd:double">100000</Value>
              <FormatString>#,##0.00 SEK</FormatString>
              <BackColor></BackColor>
              <ForeColor></ForeColor>
            </Cell>
            <Cell CellOrdinal="4">
              <Value xsi:type="xsd:double">400000</Value>
              <FormatString>#,##0.00 SEK</FormatString>
              <BackColor></BackColor>
              <ForeColor></ForeColor>
            </Cell>
            <Cell CellOrdinal="5">
              <Value xsi:type="xsd:double">300500.5</Value>
              <FormatString>#,##0.00 SEK</FormatString>
              <BackColor></BackColor>
              <ForeColor></ForeColor>
            </Cell>
          </CellData>
        </root>
      </return>
    </ExecuteResponse>
  </soap:Body>
</soap:Envelope>
===== EXECUTE REQUEST =====
MDX: SELECT NON EMPTY Hierarchize(DrilldownMember(CrossJoin({[ProductCategory].[ProductCategory].[All],[ProductCategory].[ProductCategory].[ProductCategory].AllMembers}, {([Region].[Region].[All])}), {-{[ProductCategory].[ProductCategory].&[Category D], [ProductCategory].[ProductCategory].&[Category C], [ProductCategory].[ProductCategory].&[Category B]}}, [Region].[Region])) DIMENSION PROPERTIES PARENT_UNIQUE_NAME,HIERARCHY_UNIQUE_NAME,[Region].[Region].[Region]MEMBER_CAPTION,[Region].[Region].[Region]MEMBER_NAME,[Region].[Region].[Region]MEMBER_UNIQUE_NAME,[Region].[Region].[Region]MEMBER_KEY,[Region].[Region].[Region]MEMBER_TYPE,[Region].[Region].[Region]MEMBER_VALUE,[Region].[Region].[Region]LEVEL_NUMBER,[Region].[Region].[Region]LEVEL_UNIQUE_NAME,[Region].[Region].[Region]PARENT_LEVEL,[Region].[Region].[Region]PARENT_UNIQUE_NAME,[Region].[Region].[Region]PARENT_COUNT,[Region].[Region].[Region]CHILDREN_CARDINALITY,[ProductCategory].[ProductCategory].[ProductCategory]MEMBER_CAPTION,[ProductCategory].[ProductCategory].[ProductCategory]MEMBER_NAME,[ProductCategory].[ProductCategory].[ProductCategory]MEMBER_UNIQUE_NAME,[ProductCategory].[ProductCategory].[ProductCategory]MEMBER_KEY,[ProductCategory].[ProductCategory].[ProductCategory]MEMBER_TYPE,[ProductCategory].[ProductCategory].[ProductCategory]MEMBER_VALUE,[ProductCategory].[ProductCategory].[ProductCategory]LEVEL_NUMBER,[ProductCategory].[ProductCategory].[ProductCategory]LEVEL_UNIQUE_NAME,[ProductCategory].[ProductCategory].[ProductCategory]PARENT_LEVEL,[ProductCategory].[ProductCategory].[ProductCategory]PARENT_UNIQUE_NAME,[ProductCategory].[ProductCategory].[ProductCategory]PARENT_COUNT,[ProductCategory].[ProductCategory].[ProductCategory]CHILDREN_CARDINALITY ON COLUMNS  FROM [Model] WHERE ([Measures].[Total Sales]) CELL PROPERTIES VALUE, FORMAT_STRING, BACK_COLOR, FORE_COLOR
REQUEST XML:
<soap:Envelope xmlns:soap="http://schemas.xmlsoap.org/soap/envelope/"><soap:Header><Session xmlns="urn:schemas-microsoft-com:xml-analysis" SessionId="RUST-SESSION-456"/></soap:Header><soap:Body><Execute xmlns="urn:schemas-microsoft-com:xml-analysis"><Command><Statement>SELECT NON EMPTY Hierarchize(DrilldownMember(CrossJoin({[ProductCategory].[ProductCategory].[All],[ProductCategory].[ProductCategory].[ProductCategory].AllMembers}, {([Region].[Region].[All])}), {-{[ProductCategory].[ProductCategory].&amp;[Category D], [ProductCategory].[ProductCategory].&amp;[Category C], [ProductCategory].[ProductCategory].&amp;[Category B]}}, [Region].[Region])) DIMENSION PROPERTIES PARENT_UNIQUE_NAME,HIERARCHY_UNIQUE_NAME,[Region].[Region].[Region]MEMBER_CAPTION,[Region].[Region].[Region]MEMBER_NAME,[Region].[Region].[Region]MEMBER_UNIQUE_NAME,[Region].[Region].[Region]MEMBER_KEY,[Region].[Region].[Region]MEMBER_TYPE,[Region].[Region].[Region]MEMBER_VALUE,[Region].[Region].[Region]LEVEL_NUMBER,[Region].[Region].[Region]LEVEL_UNIQUE_NAME,[Region].[Region].[Region]PARENT_LEVEL,[Region].[Region].[Region]PARENT_UNIQUE_NAME,[Region].[Region].[Region]PARENT_COUNT,[Region].[Region].[Region]CHILDREN_CARDINALITY,[ProductCategory].[ProductCategory].[ProductCategory]MEMBER_CAPTION,[ProductCategory].[ProductCategory].[ProductCategory]MEMBER_NAME,[ProductCategory].[ProductCategory].[ProductCategory]MEMBER_UNIQUE_NAME,[ProductCategory].[ProductCategory].[ProductCategory]MEMBER_KEY,[ProductCategory].[ProductCategory].[ProductCategory]MEMBER_TYPE,[ProductCategory].[ProductCategory].[ProductCategory]MEMBER_VALUE,[ProductCategory].[ProductCategory].[ProductCategory]LEVEL_NUMBER,[ProductCategory].[ProductCategory].[ProductCategory]LEVEL_UNIQUE_NAME,[ProductCategory].[ProductCategory].[ProductCategory]PARENT_LEVEL,[ProductCategory].[ProductCategory].[ProductCategory]PARENT_UNIQUE_NAME,[ProductCategory].[ProductCategory].[ProductCategory]PARENT_COUNT,[ProductCategory].[ProductCategory].[ProductCategory]CHILDREN_CARDINALITY ON COLUMNS  FROM [Model] WHERE ([Measures].[Total Sales]) CELL PROPERTIES VALUE, FORMAT_STRING, BACK_COLOR, FORE_COLOR</Statement></Command><Properties><PropertyList><Catalog>KTH_KEX_MALLOY_CUBE</Catalog><Timeout>0</Timeout><Format>Native</Format><DbpropMsmdFlattened2>false</DbpropMsmdFlattened2><SspropInitAppName>Excel</SspropInitAppName><SafetyOptions>2</SafetyOptions><Dialect>MDX</Dialect><ClientProcessID>10980</ClientProcessID><MdxMissingMemberMode>Error</MdxMissingMemberMode><DbpropMsmdOptimizeResponse>9</DbpropMsmdOptimizeResponse><DbpropMsmdActivityID>A4BBEEB6-1DB9-4A9A-9A65-4105122C7559</DbpropMsmdActivityID><DbpropMsmdRequestID>35E3C65C-0D93-4A9C-A8D5-8C6CE15AFCE3</DbpropMsmdRequestID><DbpropMsmdCurrentActivityID>A4BBEEB6-1DB9-4A9A-9A65-4105122C7559</DbpropMsmdCurrentActivityID><LocaleIdentifier>1033</LocaleIdentifier><DbpropMsmdMDXCompatibility>1</DbpropMsmdMDXCompatibility><DbpropMsmdSubqueries>2</DbpropMsmdSubqueries></PropertyList></Properties></Execute></soap:Body></soap:Envelope>
RESPONSE XML:
<soap:Envelope xmlns:soap="http://schemas.xmlsoap.org/soap/envelope/">
  <soap:Header>
    <Session xmlns="urn:schemas-microsoft-com:xml-analysis" SessionId="RUST-SESSION-456" />
  </soap:Header>
  <soap:Body>
    <ExecuteResponse xmlns="urn:schemas-microsoft-com:xml-analysis">
      <return>
        <root xmlns="urn:schemas-microsoft-com:xml-analysis:mddataset"
              xmlns:xsi="http://www.w3.org/2001/XMLSchema-instance"
              xmlns:xsd="http://www.w3.org/2001/XMLSchema">
          <xsd:schema targetNamespace="urn:schemas-microsoft-com:xml-analysis:mddataset"
                       elementFormDefault="qualified"
                       xmlns="urn:schemas-microsoft-com:xml-analysis:mddataset">
            <xsd:element name="root">
              <xsd:complexType>
                <xsd:sequence>
                  <xsd:any namespace="http://www.w3.org/2001/XMLSchema"
                           processContents="strict" minOccurs="0"/>
                  <xsd:element name="OlapInfo" minOccurs="0"/>
                  <xsd:element name="Axes" minOccurs="0"/>
                  <xsd:element name="CellData" minOccurs="0"/>
                </xsd:sequence>
              </xsd:complexType>
            </xsd:element>
          </xsd:schema>
          <OlapInfo>
            <CubeInfo>
              <Cube>
                <CubeName>Model</CubeName>
              </Cube>
            </CubeInfo>
            <AxesInfo>
              <AxisInfo name="Axis0">
                <HierarchyInfo name="[ProductCategory].[ProductCategory]">
                  <UName name="[ProductCategory].[ProductCategory].[MEMBER_UNIQUE_NAME]" type="xsd:string"/>
                  <Caption name="[ProductCategory].[ProductCategory].[MEMBER_CAPTION]" type="xsd:string"/>
                  <LName name="[ProductCategory].[ProductCategory].[LEVEL_UNIQUE_NAME]" type="xsd:string"/>
                  <LNum name="[ProductCategory].[ProductCategory].[LEVEL_NUMBER]" type="xsd:int"/>
                  <DisplayInfo name="[ProductCategory].[ProductCategory].[DISPLAY_INFO]" type="xsd:unsignedInt"/>
                  <PARENT_UNIQUE_NAME name="[ProductCategory].[ProductCategory].[PARENT_UNIQUE_NAME]" type="xsd:string"/>
                  <HIERARCHY_UNIQUE_NAME name="[ProductCategory].[ProductCategory].[HIERARCHY_UNIQUE_NAME]" type="xsd:string"/>
                  <MEMBER_NAME name="[ProductCategory].[ProductCategory].[MEMBER_NAME]" type="xsd:string"/>
                  <MEMBER_KEY name="[ProductCategory].[ProductCategory].[MEMBER_KEY]" type="xsd:string"/>
                  <MEMBER_TYPE name="[ProductCategory].[ProductCategory].[MEMBER_TYPE]" type="xsd:int"/>
                  <MEMBER_VALUE name="[ProductCategory].[ProductCategory].[MEMBER_VALUE]" type="xsd:string"/>
                  <PARENT_LEVEL name="[ProductCategory].[ProductCategory].[PARENT_LEVEL]" type="xsd:int"/>
                  <PARENT_COUNT name="[ProductCategory].[ProductCategory].[PARENT_COUNT]" type="xsd:int"/>
                  <CHILDREN_CARDINALITY name="[ProductCategory].[ProductCategory].[CHILDREN_CARDINALITY]" type="xsd:unsignedInt"/>
                </HierarchyInfo>
                <HierarchyInfo name="[Region].[Region]">
                  <UName name="[Region].[Region].[MEMBER_UNIQUE_NAME]" type="xsd:string"/>
                  <Caption name="[Region].[Region].[MEMBER_CAPTION]" type="xsd:string"/>
                  <LName name="[Region].[Region].[LEVEL_UNIQUE_NAME]" type="xsd:string"/>
                  <LNum name="[Region].[Region].[LEVEL_NUMBER]" type="xsd:int"/>
                  <DisplayInfo name="[Region].[Region].[DISPLAY_INFO]" type="xsd:unsignedInt"/>
                  <PARENT_UNIQUE_NAME name="[Region].[Region].[PARENT_UNIQUE_NAME]" type="xsd:string"/>
                  <HIERARCHY_UNIQUE_NAME name="[Region].[Region].[HIERARCHY_UNIQUE_NAME]" type="xsd:string"/>
                  <MEMBER_NAME name="[Region].[Region].[MEMBER_NAME]" type="xsd:string"/>
                  <MEMBER_KEY name="[Region].[Region].[MEMBER_KEY]" type="xsd:string"/>
                  <MEMBER_TYPE name="[Region].[Region].[MEMBER_TYPE]" type="xsd:int"/>
                  <MEMBER_VALUE name="[Region].[Region].[MEMBER_VALUE]" type="xsd:string"/>
                  <PARENT_LEVEL name="[Region].[Region].[PARENT_LEVEL]" type="xsd:int"/>
                  <PARENT_COUNT name="[Region].[Region].[PARENT_COUNT]" type="xsd:int"/>
                  <CHILDREN_CARDINALITY name="[Region].[Region].[CHILDREN_CARDINALITY]" type="xsd:unsignedInt"/>
                </HierarchyInfo>
              </AxisInfo>
              <AxisInfo name="SlicerAxis">
                <HierarchyInfo name="[Measures]">
                  <UName name="[Measures].[MEMBER_UNIQUE_NAME]" type="xsd:string"/>
                  <Caption name="[Measures].[MEMBER_CAPTION]" type="xsd:string"/>
                  <LName name="[Measures].[LEVEL_UNIQUE_NAME]" type="xsd:string"/>
                  <LNum name="[Measures].[LEVEL_NUMBER]" type="xsd:int"/>
                  <DisplayInfo name="[Measures].[DISPLAY_INFO]" type="xsd:unsignedInt"/>
                </HierarchyInfo>
              </AxisInfo>
            </AxesInfo>
            <CellInfo>
              <Value name="VALUE"/>
              <FormatString name="FORMAT_STRING" type="xsd:string"/>
              <BackColor name="BACK_COLOR" type="xsd:string"/>
              <ForeColor name="FORE_COLOR" type="xsd:string"/>
            </CellInfo>
          </OlapInfo>
          <Axes>
            <Axis name="Axis0">
              <Tuples>
                <Tuple>
                  <Member Hierarchy="[ProductCategory].[ProductCategory]">
                    <UName>[ProductCategory].[ProductCategory].&amp;[Category A]</UName>
                    <Caption>Category A</Caption>
                    <LName>[ProductCategory].[ProductCategory].[ProductCategory]</LName>
                    <LNum>1</LNum>
                    <DisplayInfo>3</DisplayInfo>
                    <PARENT_UNIQUE_NAME>[ProductCategory].[ProductCategory].[All]</PARENT_UNIQUE_NAME>
                    <HIERARCHY_UNIQUE_NAME>[ProductCategory].[ProductCategory]</HIERARCHY_UNIQUE_NAME>
                    <MEMBER_NAME>Category A</MEMBER_NAME>
                    <MEMBER_KEY>Category A</MEMBER_KEY>
                    <MEMBER_TYPE>1</MEMBER_TYPE>
                    <MEMBER_VALUE>Category A</MEMBER_VALUE>
                    <PARENT_LEVEL>0</PARENT_LEVEL>
                    <PARENT_COUNT>1</PARENT_COUNT>
                    <CHILDREN_CARDINALITY>0</CHILDREN_CARDINALITY>
                  </Member>
                  <Member Hierarchy="[Region].[Region]">
                    <UName>[Region].[Region].&amp;[North]</UName>
                    <Caption>North</Caption>
                    <LName>[Region].[Region].[Region]</LName>
                    <LNum>1</LNum>
                    <DisplayInfo>3</DisplayInfo>
                    <PARENT_UNIQUE_NAME>[Region].[Region].[All]</PARENT_UNIQUE_NAME>
                    <HIERARCHY_UNIQUE_NAME>[Region].[Region]</HIERARCHY_UNIQUE_NAME>
                    <MEMBER_NAME>North</MEMBER_NAME>
                    <MEMBER_KEY>North</MEMBER_KEY>
                    <MEMBER_TYPE>1</MEMBER_TYPE>
                    <MEMBER_VALUE>North</MEMBER_VALUE>
                    <PARENT_LEVEL>0</PARENT_LEVEL>
                    <PARENT_COUNT>1</PARENT_COUNT>
                    <CHILDREN_CARDINALITY>0</CHILDREN_CARDINALITY>
                  </Member>
                </Tuple>
                <Tuple>
                  <Member Hierarchy="[ProductCategory].[ProductCategory]">
                    <UName>[ProductCategory].[ProductCategory].&amp;[Category A]</UName>
                    <Caption>Category A</Caption>
                    <LName>[ProductCategory].[ProductCategory].[ProductCategory]</LName>
                    <LNum>1</LNum>
                    <DisplayInfo>3</DisplayInfo>
                    <PARENT_UNIQUE_NAME>[ProductCategory].[ProductCategory].[All]</PARENT_UNIQUE_NAME>
                    <HIERARCHY_UNIQUE_NAME>[ProductCategory].[ProductCategory]</HIERARCHY_UNIQUE_NAME>
                    <MEMBER_NAME>Category A</MEMBER_NAME>
                    <MEMBER_KEY>Category A</MEMBER_KEY>
                    <MEMBER_TYPE>1</MEMBER_TYPE>
                    <MEMBER_VALUE>Category A</MEMBER_VALUE>
                    <PARENT_LEVEL>0</PARENT_LEVEL>
                    <PARENT_COUNT>1</PARENT_COUNT>
                    <CHILDREN_CARDINALITY>0</CHILDREN_CARDINALITY>
                  </Member>
                  <Member Hierarchy="[Region].[Region]">
                    <UName>[Region].[Region].&amp;[South]</UName>
                    <Caption>South</Caption>
                    <LName>[Region].[Region].[Region]</LName>
                    <LNum>1</LNum>
                    <DisplayInfo>3</DisplayInfo>
                    <PARENT_UNIQUE_NAME>[Region].[Region].[All]</PARENT_UNIQUE_NAME>
                    <HIERARCHY_UNIQUE_NAME>[Region].[Region]</HIERARCHY_UNIQUE_NAME>
                    <MEMBER_NAME>South</MEMBER_NAME>
                    <MEMBER_KEY>South</MEMBER_KEY>
                    <MEMBER_TYPE>1</MEMBER_TYPE>
                    <MEMBER_VALUE>South</MEMBER_VALUE>
                    <PARENT_LEVEL>0</PARENT_LEVEL>
                    <PARENT_COUNT>1</PARENT_COUNT>
                    <CHILDREN_CARDINALITY>0</CHILDREN_CARDINALITY>
                  </Member>
                </Tuple>
                <Tuple>
                  <Member Hierarchy="[ProductCategory].[ProductCategory]">
                    <UName>[ProductCategory].[ProductCategory].&amp;[Category B]</UName>
                    <Caption>Category B</Caption>
                    <LName>[ProductCategory].[ProductCategory].[ProductCategory]</LName>
                    <LNum>1</LNum>
                    <DisplayInfo>3</DisplayInfo>
                    <PARENT_UNIQUE_NAME>[ProductCategory].[ProductCategory].[All]</PARENT_UNIQUE_NAME>
                    <HIERARCHY_UNIQUE_NAME>[ProductCategory].[ProductCategory]</HIERARCHY_UNIQUE_NAME>
                    <MEMBER_NAME>Category B</MEMBER_NAME>
                    <MEMBER_KEY>Category B</MEMBER_KEY>
                    <MEMBER_TYPE>1</MEMBER_TYPE>
                    <MEMBER_VALUE>Category B</MEMBER_VALUE>
                    <PARENT_LEVEL>0</PARENT_LEVEL>
                    <PARENT_COUNT>1</PARENT_COUNT>
                    <CHILDREN_CARDINALITY>0</CHILDREN_CARDINALITY>
                  </Member>
                  <Member Hierarchy="[Region].[Region]">
                    <UName>[Region].[Region].[All]</UName>
                    <Caption>All</Caption>
                    <LName>[Region].[Region].[(All)]</LName>
                    <LNum>0</LNum>
                    <DisplayInfo>5</DisplayInfo>
                    <HIERARCHY_UNIQUE_NAME>[Region].[Region]</HIERARCHY_UNIQUE_NAME>
                    <MEMBER_NAME>All</MEMBER_NAME>
                    <MEMBER_KEY>All</MEMBER_KEY>
                    <MEMBER_TYPE>2</MEMBER_TYPE>
                    <MEMBER_VALUE>All</MEMBER_VALUE>
                    <PARENT_LEVEL>0</PARENT_LEVEL>
                    <PARENT_COUNT>0</PARENT_COUNT>
                    <CHILDREN_CARDINALITY>2</CHILDREN_CARDINALITY>
                  </Member>
                </Tuple>
                <Tuple>
                  <Member Hierarchy="[ProductCategory].[ProductCategory]">
                    <UName>[ProductCategory].[ProductCategory].&amp;[Category C]</UName>
                    <Caption>Category C</Caption>
                    <LName>[ProductCategory].[ProductCategory].[ProductCategory]</LName>
                    <LNum>1</LNum>
                    <DisplayInfo>3</DisplayInfo>
                    <PARENT_UNIQUE_NAME>[ProductCategory].[ProductCategory].[All]</PARENT_UNIQUE_NAME>
                    <HIERARCHY_UNIQUE_NAME>[ProductCategory].[ProductCategory]</HIERARCHY_UNIQUE_NAME>
                    <MEMBER_NAME>Category C</MEMBER_NAME>
                    <MEMBER_KEY>Category C</MEMBER_KEY>
                    <MEMBER_TYPE>1</MEMBER_TYPE>
                    <MEMBER_VALUE>Category C</MEMBER_VALUE>
                    <PARENT_LEVEL>0</PARENT_LEVEL>
                    <PARENT_COUNT>1</PARENT_COUNT>
                    <CHILDREN_CARDINALITY>0</CHILDREN_CARDINALITY>
                  </Member>
                  <Member Hierarchy="[Region].[Region]">
                    <UName>[Region].[Region].[All]</UName>
                    <Caption>All</Caption>
                    <LName>[Region].[Region].[(All)]</LName>
                    <LNum>0</LNum>
                    <DisplayInfo>5</DisplayInfo>
                    <HIERARCHY_UNIQUE_NAME>[Region].[Region]</HIERARCHY_UNIQUE_NAME>
                    <MEMBER_NAME>All</MEMBER_NAME>
                    <MEMBER_KEY>All</MEMBER_KEY>
                    <MEMBER_TYPE>2</MEMBER_TYPE>
                    <MEMBER_VALUE>All</MEMBER_VALUE>
                    <PARENT_LEVEL>0</PARENT_LEVEL>
                    <PARENT_COUNT>0</PARENT_COUNT>
                    <CHILDREN_CARDINALITY>2</CHILDREN_CARDINALITY>
                  </Member>
                </Tuple>
                <Tuple>
                  <Member Hierarchy="[ProductCategory].[ProductCategory]">
                    <UName>[ProductCategory].[ProductCategory].&amp;[Category D]</UName>
                    <Caption>Category D</Caption>
                    <LName>[ProductCategory].[ProductCategory].[ProductCategory]</LName>
                    <LNum>1</LNum>
                    <DisplayInfo>3</DisplayInfo>
                    <PARENT_UNIQUE_NAME>[ProductCategory].[ProductCategory].[All]</PARENT_UNIQUE_NAME>
                    <HIERARCHY_UNIQUE_NAME>[ProductCategory].[ProductCategory]</HIERARCHY_UNIQUE_NAME>
                    <MEMBER_NAME>Category D</MEMBER_NAME>
                    <MEMBER_KEY>Category D</MEMBER_KEY>
                    <MEMBER_TYPE>1</MEMBER_TYPE>
                    <MEMBER_VALUE>Category D</MEMBER_VALUE>
                    <PARENT_LEVEL>0</PARENT_LEVEL>
                    <PARENT_COUNT>1</PARENT_COUNT>
                    <CHILDREN_CARDINALITY>0</CHILDREN_CARDINALITY>
                  </Member>
                  <Member Hierarchy="[Region].[Region]">
                    <UName>[Region].[Region].[All]</UName>
                    <Caption>All</Caption>
                    <LName>[Region].[Region].[(All)]</LName>
                    <LNum>0</LNum>
                    <DisplayInfo>5</DisplayInfo>
                    <HIERARCHY_UNIQUE_NAME>[Region].[Region]</HIERARCHY_UNIQUE_NAME>
                    <MEMBER_NAME>All</MEMBER_NAME>
                    <MEMBER_KEY>All</MEMBER_KEY>
                    <MEMBER_TYPE>2</MEMBER_TYPE>
                    <MEMBER_VALUE>All</MEMBER_VALUE>
                    <PARENT_LEVEL>0</PARENT_LEVEL>
                    <PARENT_COUNT>0</PARENT_COUNT>
                    <CHILDREN_CARDINALITY>2</CHILDREN_CARDINALITY>
                  </Member>
                </Tuple>
              </Tuples>
            </Axis>
            <Axis name="SlicerAxis">
              <Tuples>
                <Tuple>
                  <Member Hierarchy="[Measures]">
                    <UName>[Measures].[Total Sales]</UName>
                    <Caption>Total Sales (SEK)</Caption>
                    <LName>[Measures].[MeasuresLevel]</LName>
                    <LNum>0</LNum>
                    <DisplayInfo>131072</DisplayInfo>
                  </Member>
                </Tuple>
              </Tuples>
            </Axis>
          </Axes>
          <CellData>
            <Cell CellOrdinal="0">
              <Value xsi:type="xsd:double">100000</Value>
              <FormatString>#,##0.00 SEK</FormatString>
              <BackColor></BackColor>
              <ForeColor></ForeColor>
            </Cell>
            <Cell CellOrdinal="1">
              <Value xsi:type="xsd:double">200000</Value>
              <FormatString>#,##0.00 SEK</FormatString>
              <BackColor></BackColor>
              <ForeColor></ForeColor>
            </Cell>
            <Cell CellOrdinal="2">
              <Value xsi:type="xsd:double">250000</Value>
              <FormatString>#,##0.00 SEK</FormatString>
              <BackColor></BackColor>
              <ForeColor></ForeColor>
            </Cell>
            <Cell CellOrdinal="3">
              <Value xsi:type="xsd:double">400000</Value>
              <FormatString>#,##0.00 SEK</FormatString>
              <BackColor></BackColor>
              <ForeColor></ForeColor>
            </Cell>
            <Cell CellOrdinal="4">
              <Value xsi:type="xsd:double">300500.5</Value>
              <FormatString>#,##0.00 SEK</FormatString>
              <BackColor></BackColor>
              <ForeColor></ForeColor>
            </Cell>
          </CellData>
        </root>
      </return>
    </ExecuteResponse>
  </soap:Body>
</soap:Envelope>
===== EXECUTE REQUEST =====
MDX: SELECT NON EMPTY CrossJoin(Hierarchize({DrilldownLevel({[Region].[Region].[All]},,,INCLUDE_CALC_MEMBERS)}), Hierarchize({DrilldownLevel({[ProductCategory].[ProductCategory].[All]},,,INCLUDE_CALC_MEMBERS)})) DIMENSION PROPERTIES PARENT_UNIQUE_NAME,HIERARCHY_UNIQUE_NAME,[Region].[Region].[Region]MEMBER_CAPTION,[Region].[Region].[Region]MEMBER_NAME,[Region].[Region].[Region]MEMBER_UNIQUE_NAME,[Region].[Region].[Region]MEMBER_KEY,[Region].[Region].[Region]MEMBER_TYPE,[Region].[Region].[Region]MEMBER_VALUE,[Region].[Region].[Region]LEVEL_NUMBER,[Region].[Region].[Region]LEVEL_UNIQUE_NAME,[Region].[Region].[Region]PARENT_LEVEL,[Region].[Region].[Region]PARENT_UNIQUE_NAME,[Region].[Region].[Region]PARENT_COUNT,[Region].[Region].[Region]CHILDREN_CARDINALITY,[ProductCategory].[ProductCategory].[ProductCategory]MEMBER_CAPTION,[ProductCategory].[ProductCategory].[ProductCategory]MEMBER_NAME,[ProductCategory].[ProductCategory].[ProductCategory]MEMBER_UNIQUE_NAME,[ProductCategory].[ProductCategory].[ProductCategory]MEMBER_KEY,[ProductCategory].[ProductCategory].[ProductCategory]MEMBER_TYPE,[ProductCategory].[ProductCategory].[ProductCategory]MEMBER_VALUE,[ProductCategory].[ProductCategory].[ProductCategory]LEVEL_NUMBER,[ProductCategory].[ProductCategory].[ProductCategory]LEVEL_UNIQUE_NAME,[ProductCategory].[ProductCategory].[ProductCategory]PARENT_LEVEL,[ProductCategory].[ProductCategory].[ProductCategory]PARENT_UNIQUE_NAME,[ProductCategory].[ProductCategory].[ProductCategory]PARENT_COUNT,[ProductCategory].[ProductCategory].[ProductCategory]CHILDREN_CARDINALITY ON COLUMNS  FROM [Model] WHERE ([Measures].[Total Sales]) CELL PROPERTIES VALUE, FORMAT_STRING, BACK_COLOR, FORE_COLOR
REQUEST XML:
<soap:Envelope xmlns:soap="http://schemas.xmlsoap.org/soap/envelope/"><soap:Header><Session xmlns="urn:schemas-microsoft-com:xml-analysis" SessionId="RUST-SESSION-456"/></soap:Header><soap:Body><Execute xmlns="urn:schemas-microsoft-com:xml-analysis"><Command><Statement>SELECT NON EMPTY CrossJoin(Hierarchize({DrilldownLevel({[Region].[Region].[All]},,,INCLUDE_CALC_MEMBERS)}), Hierarchize({DrilldownLevel({[ProductCategory].[ProductCategory].[All]},,,INCLUDE_CALC_MEMBERS)})) DIMENSION PROPERTIES PARENT_UNIQUE_NAME,HIERARCHY_UNIQUE_NAME,[Region].[Region].[Region]MEMBER_CAPTION,[Region].[Region].[Region]MEMBER_NAME,[Region].[Region].[Region]MEMBER_UNIQUE_NAME,[Region].[Region].[Region]MEMBER_KEY,[Region].[Region].[Region]MEMBER_TYPE,[Region].[Region].[Region]MEMBER_VALUE,[Region].[Region].[Region]LEVEL_NUMBER,[Region].[Region].[Region]LEVEL_UNIQUE_NAME,[Region].[Region].[Region]PARENT_LEVEL,[Region].[Region].[Region]PARENT_UNIQUE_NAME,[Region].[Region].[Region]PARENT_COUNT,[Region].[Region].[Region]CHILDREN_CARDINALITY,[ProductCategory].[ProductCategory].[ProductCategory]MEMBER_CAPTION,[ProductCategory].[ProductCategory].[ProductCategory]MEMBER_NAME,[ProductCategory].[ProductCategory].[ProductCategory]MEMBER_UNIQUE_NAME,[ProductCategory].[ProductCategory].[ProductCategory]MEMBER_KEY,[ProductCategory].[ProductCategory].[ProductCategory]MEMBER_TYPE,[ProductCategory].[ProductCategory].[ProductCategory]MEMBER_VALUE,[ProductCategory].[ProductCategory].[ProductCategory]LEVEL_NUMBER,[ProductCategory].[ProductCategory].[ProductCategory]LEVEL_UNIQUE_NAME,[ProductCategory].[ProductCategory].[ProductCategory]PARENT_LEVEL,[ProductCategory].[ProductCategory].[ProductCategory]PARENT_UNIQUE_NAME,[ProductCategory].[ProductCategory].[ProductCategory]PARENT_COUNT,[ProductCategory].[ProductCategory].[ProductCategory]CHILDREN_CARDINALITY ON COLUMNS  FROM [Model] WHERE ([Measures].[Total Sales]) CELL PROPERTIES VALUE, FORMAT_STRING, BACK_COLOR, FORE_COLOR</Statement></Command><Properties><PropertyList><Catalog>KTH_KEX_MALLOY_CUBE</Catalog><Timeout>0</Timeout><Format>Native</Format><DbpropMsmdFlattened2>false</DbpropMsmdFlattened2><SspropInitAppName>Excel</SspropInitAppName><SafetyOptions>2</SafetyOptions><Dialect>MDX</Dialect><ClientProcessID>10980</ClientProcessID><MdxMissingMemberMode>Error</MdxMissingMemberMode><DbpropMsmdOptimizeResponse>9</DbpropMsmdOptimizeResponse><DbpropMsmdActivityID>A4BBEEB6-1DB9-4A9A-9A65-4105122C7559</DbpropMsmdActivityID><DbpropMsmdRequestID>D030347E-825C-4C97-AB06-B6CE0056E98C</DbpropMsmdRequestID><DbpropMsmdCurrentActivityID>A4BBEEB6-1DB9-4A9A-9A65-4105122C7559</DbpropMsmdCurrentActivityID><LocaleIdentifier>1033</LocaleIdentifier><DbpropMsmdMDXCompatibility>1</DbpropMsmdMDXCompatibility><DbpropMsmdSubqueries>2</DbpropMsmdSubqueries></PropertyList></Properties></Execute></soap:Body></soap:Envelope>
RESPONSE XML:
<soap:Envelope xmlns:soap="http://schemas.xmlsoap.org/soap/envelope/">
  <soap:Header>
    <Session xmlns="urn:schemas-microsoft-com:xml-analysis" SessionId="RUST-SESSION-456" />
  </soap:Header>
  <soap:Body>
    <ExecuteResponse xmlns="urn:schemas-microsoft-com:xml-analysis">
      <return>
        <root xmlns="urn:schemas-microsoft-com:xml-analysis:mddataset"
              xmlns:xsi="http://www.w3.org/2001/XMLSchema-instance"
              xmlns:xsd="http://www.w3.org/2001/XMLSchema">
          <xsd:schema targetNamespace="urn:schemas-microsoft-com:xml-analysis:mddataset"
                       elementFormDefault="qualified"
                       xmlns="urn:schemas-microsoft-com:xml-analysis:mddataset">
            <xsd:element name="root">
              <xsd:complexType>
                <xsd:sequence>
                  <xsd:any namespace="http://www.w3.org/2001/XMLSchema"
                           processContents="strict" minOccurs="0"/>
                  <xsd:element name="OlapInfo" minOccurs="0"/>
                  <xsd:element name="Axes" minOccurs="0"/>
                  <xsd:element name="CellData" minOccurs="0"/>
                </xsd:sequence>
              </xsd:complexType>
            </xsd:element>
          </xsd:schema>
          <OlapInfo>
            <CubeInfo>
              <Cube>
                <CubeName>Model</CubeName>
              </Cube>
            </CubeInfo>
            <AxesInfo>
              <AxisInfo name="Axis0">
                <HierarchyInfo name="[Region].[Region]">
                  <UName name="[Region].[Region].[MEMBER_UNIQUE_NAME]" type="xsd:string"/>
                  <Caption name="[Region].[Region].[MEMBER_CAPTION]" type="xsd:string"/>
                  <LName name="[Region].[Region].[LEVEL_UNIQUE_NAME]" type="xsd:string"/>
                  <LNum name="[Region].[Region].[LEVEL_NUMBER]" type="xsd:int"/>
                  <DisplayInfo name="[Region].[Region].[DISPLAY_INFO]" type="xsd:unsignedInt"/>
                  <PARENT_UNIQUE_NAME name="[Region].[Region].[PARENT_UNIQUE_NAME]" type="xsd:string"/>
                  <HIERARCHY_UNIQUE_NAME name="[Region].[Region].[HIERARCHY_UNIQUE_NAME]" type="xsd:string"/>
                  <MEMBER_NAME name="[Region].[Region].[MEMBER_NAME]" type="xsd:string"/>
                  <MEMBER_KEY name="[Region].[Region].[MEMBER_KEY]" type="xsd:string"/>
                  <MEMBER_TYPE name="[Region].[Region].[MEMBER_TYPE]" type="xsd:int"/>
                  <MEMBER_VALUE name="[Region].[Region].[MEMBER_VALUE]" type="xsd:string"/>
                  <PARENT_LEVEL name="[Region].[Region].[PARENT_LEVEL]" type="xsd:int"/>
                  <PARENT_COUNT name="[Region].[Region].[PARENT_COUNT]" type="xsd:int"/>
                  <CHILDREN_CARDINALITY name="[Region].[Region].[CHILDREN_CARDINALITY]" type="xsd:unsignedInt"/>
                </HierarchyInfo>
                <HierarchyInfo name="[ProductCategory].[ProductCategory]">
                  <UName name="[ProductCategory].[ProductCategory].[MEMBER_UNIQUE_NAME]" type="xsd:string"/>
                  <Caption name="[ProductCategory].[ProductCategory].[MEMBER_CAPTION]" type="xsd:string"/>
                  <LName name="[ProductCategory].[ProductCategory].[LEVEL_UNIQUE_NAME]" type="xsd:string"/>
                  <LNum name="[ProductCategory].[ProductCategory].[LEVEL_NUMBER]" type="xsd:int"/>
                  <DisplayInfo name="[ProductCategory].[ProductCategory].[DISPLAY_INFO]" type="xsd:unsignedInt"/>
                  <PARENT_UNIQUE_NAME name="[ProductCategory].[ProductCategory].[PARENT_UNIQUE_NAME]" type="xsd:string"/>
                  <HIERARCHY_UNIQUE_NAME name="[ProductCategory].[ProductCategory].[HIERARCHY_UNIQUE_NAME]" type="xsd:string"/>
                  <MEMBER_NAME name="[ProductCategory].[ProductCategory].[MEMBER_NAME]" type="xsd:string"/>
                  <MEMBER_KEY name="[ProductCategory].[ProductCategory].[MEMBER_KEY]" type="xsd:string"/>
                  <MEMBER_TYPE name="[ProductCategory].[ProductCategory].[MEMBER_TYPE]" type="xsd:int"/>
                  <MEMBER_VALUE name="[ProductCategory].[ProductCategory].[MEMBER_VALUE]" type="xsd:string"/>
                  <PARENT_LEVEL name="[ProductCategory].[ProductCategory].[PARENT_LEVEL]" type="xsd:int"/>
                  <PARENT_COUNT name="[ProductCategory].[ProductCategory].[PARENT_COUNT]" type="xsd:int"/>
                  <CHILDREN_CARDINALITY name="[ProductCategory].[ProductCategory].[CHILDREN_CARDINALITY]" type="xsd:unsignedInt"/>
                </HierarchyInfo>
              </AxisInfo>
              <AxisInfo name="SlicerAxis">
                <HierarchyInfo name="[Measures]">
                  <UName name="[Measures].[MEMBER_UNIQUE_NAME]" type="xsd:string"/>
                  <Caption name="[Measures].[MEMBER_CAPTION]" type="xsd:string"/>
                  <LName name="[Measures].[LEVEL_UNIQUE_NAME]" type="xsd:string"/>
                  <LNum name="[Measures].[LEVEL_NUMBER]" type="xsd:int"/>
                  <DisplayInfo name="[Measures].[DISPLAY_INFO]" type="xsd:unsignedInt"/>
                </HierarchyInfo>
              </AxisInfo>
            </AxesInfo>
            <CellInfo>
              <Value name="VALUE"/>
              <FormatString name="FORMAT_STRING" type="xsd:string"/>
              <BackColor name="BACK_COLOR" type="xsd:string"/>
              <ForeColor name="FORE_COLOR" type="xsd:string"/>
            </CellInfo>
          </OlapInfo>
          <Axes>
            <Axis name="Axis0">
              <Tuples>
                <Tuple>
                  <Member Hierarchy="[Region].[Region]">
                    <UName>[Region].[Region].&amp;[North]</UName>
                    <Caption>North</Caption>
                    <LName>[Region].[Region].[Region]</LName>
                    <LNum>1</LNum>
                    <DisplayInfo>3</DisplayInfo>
                    <PARENT_UNIQUE_NAME>[Region].[Region].[All]</PARENT_UNIQUE_NAME>
                    <HIERARCHY_UNIQUE_NAME>[Region].[Region]</HIERARCHY_UNIQUE_NAME>
                    <MEMBER_NAME>North</MEMBER_NAME>
                    <MEMBER_KEY>North</MEMBER_KEY>
                    <MEMBER_TYPE>1</MEMBER_TYPE>
                    <MEMBER_VALUE>North</MEMBER_VALUE>
                    <PARENT_LEVEL>0</PARENT_LEVEL>
                    <PARENT_COUNT>1</PARENT_COUNT>
                    <CHILDREN_CARDINALITY>0</CHILDREN_CARDINALITY>
                  </Member>
                  <Member Hierarchy="[ProductCategory].[ProductCategory]">
                    <UName>[ProductCategory].[ProductCategory].&amp;[Category A]</UName>
                    <Caption>Category A</Caption>
                    <LName>[ProductCategory].[ProductCategory].[ProductCategory]</LName>
                    <LNum>1</LNum>
                    <DisplayInfo>3</DisplayInfo>
                    <PARENT_UNIQUE_NAME>[ProductCategory].[ProductCategory].[All]</PARENT_UNIQUE_NAME>
                    <HIERARCHY_UNIQUE_NAME>[ProductCategory].[ProductCategory]</HIERARCHY_UNIQUE_NAME>
                    <MEMBER_NAME>Category A</MEMBER_NAME>
                    <MEMBER_KEY>Category A</MEMBER_KEY>
                    <MEMBER_TYPE>1</MEMBER_TYPE>
                    <MEMBER_VALUE>Category A</MEMBER_VALUE>
                    <PARENT_LEVEL>0</PARENT_LEVEL>
                    <PARENT_COUNT>1</PARENT_COUNT>
                    <CHILDREN_CARDINALITY>0</CHILDREN_CARDINALITY>
                  </Member>
                </Tuple>
                <Tuple>
                  <Member Hierarchy="[Region].[Region]">
                    <UName>[Region].[Region].&amp;[North]</UName>
                    <Caption>North</Caption>
                    <LName>[Region].[Region].[Region]</LName>
                    <LNum>1</LNum>
                    <DisplayInfo>3</DisplayInfo>
                    <PARENT_UNIQUE_NAME>[Region].[Region].[All]</PARENT_UNIQUE_NAME>
                    <HIERARCHY_UNIQUE_NAME>[Region].[Region]</HIERARCHY_UNIQUE_NAME>
                    <MEMBER_NAME>North</MEMBER_NAME>
                    <MEMBER_KEY>North</MEMBER_KEY>
                    <MEMBER_TYPE>1</MEMBER_TYPE>
                    <MEMBER_VALUE>North</MEMBER_VALUE>
                    <PARENT_LEVEL>0</PARENT_LEVEL>
                    <PARENT_COUNT>1</PARENT_COUNT>
                    <CHILDREN_CARDINALITY>0</CHILDREN_CARDINALITY>
                  </Member>
                  <Member Hierarchy="[ProductCategory].[ProductCategory]">
                    <UName>[ProductCategory].[ProductCategory].&amp;[Category B]</UName>
                    <Caption>Category B</Caption>
                    <LName>[ProductCategory].[ProductCategory].[ProductCategory]</LName>
                    <LNum>1</LNum>
                    <DisplayInfo>3</DisplayInfo>
                    <PARENT_UNIQUE_NAME>[ProductCategory].[ProductCategory].[All]</PARENT_UNIQUE_NAME>
                    <HIERARCHY_UNIQUE_NAME>[ProductCategory].[ProductCategory]</HIERARCHY_UNIQUE_NAME>
                    <MEMBER_NAME>Category B</MEMBER_NAME>
                    <MEMBER_KEY>Category B</MEMBER_KEY>
                    <MEMBER_TYPE>1</MEMBER_TYPE>
                    <MEMBER_VALUE>Category B</MEMBER_VALUE>
                    <PARENT_LEVEL>0</PARENT_LEVEL>
                    <PARENT_COUNT>1</PARENT_COUNT>
                    <CHILDREN_CARDINALITY>0</CHILDREN_CARDINALITY>
                  </Member>
                </Tuple>
                <Tuple>
                  <Member Hierarchy="[Region].[Region]">
                    <UName>[Region].[Region].&amp;[North]</UName>
                    <Caption>North</Caption>
                    <LName>[Region].[Region].[Region]</LName>
                    <LNum>1</LNum>
                    <DisplayInfo>3</DisplayInfo>
                    <PARENT_UNIQUE_NAME>[Region].[Region].[All]</PARENT_UNIQUE_NAME>
                    <HIERARCHY_UNIQUE_NAME>[Region].[Region]</HIERARCHY_UNIQUE_NAME>
                    <MEMBER_NAME>North</MEMBER_NAME>
                    <MEMBER_KEY>North</MEMBER_KEY>
                    <MEMBER_TYPE>1</MEMBER_TYPE>
                    <MEMBER_VALUE>North</MEMBER_VALUE>
                    <PARENT_LEVEL>0</PARENT_LEVEL>
                    <PARENT_COUNT>1</PARENT_COUNT>
                    <CHILDREN_CARDINALITY>0</CHILDREN_CARDINALITY>
                  </Member>
                  <Member Hierarchy="[ProductCategory].[ProductCategory]">
                    <UName>[ProductCategory].[ProductCategory].&amp;[Category C]</UName>
                    <Caption>Category C</Caption>
                    <LName>[ProductCategory].[ProductCategory].[ProductCategory]</LName>
                    <LNum>1</LNum>
                    <DisplayInfo>3</DisplayInfo>
                    <PARENT_UNIQUE_NAME>[ProductCategory].[ProductCategory].[All]</PARENT_UNIQUE_NAME>
                    <HIERARCHY_UNIQUE_NAME>[ProductCategory].[ProductCategory]</HIERARCHY_UNIQUE_NAME>
                    <MEMBER_NAME>Category C</MEMBER_NAME>
                    <MEMBER_KEY>Category C</MEMBER_KEY>
                    <MEMBER_TYPE>1</MEMBER_TYPE>
                    <MEMBER_VALUE>Category C</MEMBER_VALUE>
                    <PARENT_LEVEL>0</PARENT_LEVEL>
                    <PARENT_COUNT>1</PARENT_COUNT>
                    <CHILDREN_CARDINALITY>0</CHILDREN_CARDINALITY>
                  </Member>
                </Tuple>
                <Tuple>
                  <Member Hierarchy="[Region].[Region]">
                    <UName>[Region].[Region].&amp;[North]</UName>
                    <Caption>North</Caption>
                    <LName>[Region].[Region].[Region]</LName>
                    <LNum>1</LNum>
                    <DisplayInfo>3</DisplayInfo>
                    <PARENT_UNIQUE_NAME>[Region].[Region].[All]</PARENT_UNIQUE_NAME>
                    <HIERARCHY_UNIQUE_NAME>[Region].[Region]</HIERARCHY_UNIQUE_NAME>
                    <MEMBER_NAME>North</MEMBER_NAME>
                    <MEMBER_KEY>North</MEMBER_KEY>
                    <MEMBER_TYPE>1</MEMBER_TYPE>
                    <MEMBER_VALUE>North</MEMBER_VALUE>
                    <PARENT_LEVEL>0</PARENT_LEVEL>
                    <PARENT_COUNT>1</PARENT_COUNT>
                    <CHILDREN_CARDINALITY>0</CHILDREN_CARDINALITY>
                  </Member>
                  <Member Hierarchy="[ProductCategory].[ProductCategory]">
                    <UName>[ProductCategory].[ProductCategory].&amp;[Category D]</UName>
                    <Caption>Category D</Caption>
                    <LName>[ProductCategory].[ProductCategory].[ProductCategory]</LName>
                    <LNum>1</LNum>
                    <DisplayInfo>3</DisplayInfo>
                    <PARENT_UNIQUE_NAME>[ProductCategory].[ProductCategory].[All]</PARENT_UNIQUE_NAME>
                    <HIERARCHY_UNIQUE_NAME>[ProductCategory].[ProductCategory]</HIERARCHY_UNIQUE_NAME>
                    <MEMBER_NAME>Category D</MEMBER_NAME>
                    <MEMBER_KEY>Category D</MEMBER_KEY>
                    <MEMBER_TYPE>1</MEMBER_TYPE>
                    <MEMBER_VALUE>Category D</MEMBER_VALUE>
                    <PARENT_LEVEL>0</PARENT_LEVEL>
                    <PARENT_COUNT>1</PARENT_COUNT>
                    <CHILDREN_CARDINALITY>0</CHILDREN_CARDINALITY>
                  </Member>
                </Tuple>
                <Tuple>
                  <Member Hierarchy="[Region].[Region]">
                    <UName>[Region].[Region].&amp;[South]</UName>
                    <Caption>South</Caption>
                    <LName>[Region].[Region].[Region]</LName>
                    <LNum>1</LNum>
                    <DisplayInfo>3</DisplayInfo>
                    <PARENT_UNIQUE_NAME>[Region].[Region].[All]</PARENT_UNIQUE_NAME>
                    <HIERARCHY_UNIQUE_NAME>[Region].[Region]</HIERARCHY_UNIQUE_NAME>
                    <MEMBER_NAME>South</MEMBER_NAME>
                    <MEMBER_KEY>South</MEMBER_KEY>
                    <MEMBER_TYPE>1</MEMBER_TYPE>
                    <MEMBER_VALUE>South</MEMBER_VALUE>
                    <PARENT_LEVEL>0</PARENT_LEVEL>
                    <PARENT_COUNT>1</PARENT_COUNT>
                    <CHILDREN_CARDINALITY>0</CHILDREN_CARDINALITY>
                  </Member>
                  <Member Hierarchy="[ProductCategory].[ProductCategory]">
                    <UName>[ProductCategory].[ProductCategory].&amp;[Category A]</UName>
                    <Caption>Category A</Caption>
                    <LName>[ProductCategory].[ProductCategory].[ProductCategory]</LName>
                    <LNum>1</LNum>
                    <DisplayInfo>3</DisplayInfo>
                    <PARENT_UNIQUE_NAME>[ProductCategory].[ProductCategory].[All]</PARENT_UNIQUE_NAME>
                    <HIERARCHY_UNIQUE_NAME>[ProductCategory].[ProductCategory]</HIERARCHY_UNIQUE_NAME>
                    <MEMBER_NAME>Category A</MEMBER_NAME>
                    <MEMBER_KEY>Category A</MEMBER_KEY>
                    <MEMBER_TYPE>1</MEMBER_TYPE>
                    <MEMBER_VALUE>Category A</MEMBER_VALUE>
                    <PARENT_LEVEL>0</PARENT_LEVEL>
                    <PARENT_COUNT>1</PARENT_COUNT>
                    <CHILDREN_CARDINALITY>0</CHILDREN_CARDINALITY>
                  </Member>
                </Tuple>
                <Tuple>
                  <Member Hierarchy="[Region].[Region]">
                    <UName>[Region].[Region].&amp;[South]</UName>
                    <Caption>South</Caption>
                    <LName>[Region].[Region].[Region]</LName>
                    <LNum>1</LNum>
                    <DisplayInfo>3</DisplayInfo>
                    <PARENT_UNIQUE_NAME>[Region].[Region].[All]</PARENT_UNIQUE_NAME>
                    <HIERARCHY_UNIQUE_NAME>[Region].[Region]</HIERARCHY_UNIQUE_NAME>
                    <MEMBER_NAME>South</MEMBER_NAME>
                    <MEMBER_KEY>South</MEMBER_KEY>
                    <MEMBER_TYPE>1</MEMBER_TYPE>
                    <MEMBER_VALUE>South</MEMBER_VALUE>
                    <PARENT_LEVEL>0</PARENT_LEVEL>
                    <PARENT_COUNT>1</PARENT_COUNT>
                    <CHILDREN_CARDINALITY>0</CHILDREN_CARDINALITY>
                  </Member>
                  <Member Hierarchy="[ProductCategory].[ProductCategory]">
                    <UName>[ProductCategory].[ProductCategory].&amp;[Category B]</UName>
                    <Caption>Category B</Caption>
                    <LName>[ProductCategory].[ProductCategory].[ProductCategory]</LName>
                    <LNum>1</LNum>
                    <DisplayInfo>3</DisplayInfo>
                    <PARENT_UNIQUE_NAME>[ProductCategory].[ProductCategory].[All]</PARENT_UNIQUE_NAME>
                    <HIERARCHY_UNIQUE_NAME>[ProductCategory].[ProductCategory]</HIERARCHY_UNIQUE_NAME>
                    <MEMBER_NAME>Category B</MEMBER_NAME>
                    <MEMBER_KEY>Category B</MEMBER_KEY>
                    <MEMBER_TYPE>1</MEMBER_TYPE>
                    <MEMBER_VALUE>Category B</MEMBER_VALUE>
                    <PARENT_LEVEL>0</PARENT_LEVEL>
                    <PARENT_COUNT>1</PARENT_COUNT>
                    <CHILDREN_CARDINALITY>0</CHILDREN_CARDINALITY>
                  </Member>
                </Tuple>
                <Tuple>
                  <Member Hierarchy="[Region].[Region]">
                    <UName>[Region].[Region].&amp;[South]</UName>
                    <Caption>South</Caption>
                    <LName>[Region].[Region].[Region]</LName>
                    <LNum>1</LNum>
                    <DisplayInfo>3</DisplayInfo>
                    <PARENT_UNIQUE_NAME>[Region].[Region].[All]</PARENT_UNIQUE_NAME>
                    <HIERARCHY_UNIQUE_NAME>[Region].[Region]</HIERARCHY_UNIQUE_NAME>
                    <MEMBER_NAME>South</MEMBER_NAME>
                    <MEMBER_KEY>South</MEMBER_KEY>
                    <MEMBER_TYPE>1</MEMBER_TYPE>
                    <MEMBER_VALUE>South</MEMBER_VALUE>
                    <PARENT_LEVEL>0</PARENT_LEVEL>
                    <PARENT_COUNT>1</PARENT_COUNT>
                    <CHILDREN_CARDINALITY>0</CHILDREN_CARDINALITY>
                  </Member>
                  <Member Hierarchy="[ProductCategory].[ProductCategory]">
                    <UName>[ProductCategory].[ProductCategory].&amp;[Category C]</UName>
                    <Caption>Category C</Caption>
                    <LName>[ProductCategory].[ProductCategory].[ProductCategory]</LName>
                    <LNum>1</LNum>
                    <DisplayInfo>3</DisplayInfo>
                    <PARENT_UNIQUE_NAME>[ProductCategory].[ProductCategory].[All]</PARENT_UNIQUE_NAME>
                    <HIERARCHY_UNIQUE_NAME>[ProductCategory].[ProductCategory]</HIERARCHY_UNIQUE_NAME>
                    <MEMBER_NAME>Category C</MEMBER_NAME>
                    <MEMBER_KEY>Category C</MEMBER_KEY>
                    <MEMBER_TYPE>1</MEMBER_TYPE>
                    <MEMBER_VALUE>Category C</MEMBER_VALUE>
                    <PARENT_LEVEL>0</PARENT_LEVEL>
                    <PARENT_COUNT>1</PARENT_COUNT>
                    <CHILDREN_CARDINALITY>0</CHILDREN_CARDINALITY>
                  </Member>
                </Tuple>
                <Tuple>
                  <Member Hierarchy="[Region].[Region]">
                    <UName>[Region].[Region].&amp;[South]</UName>
                    <Caption>South</Caption>
                    <LName>[Region].[Region].[Region]</LName>
                    <LNum>1</LNum>
                    <DisplayInfo>3</DisplayInfo>
                    <PARENT_UNIQUE_NAME>[Region].[Region].[All]</PARENT_UNIQUE_NAME>
                    <HIERARCHY_UNIQUE_NAME>[Region].[Region]</HIERARCHY_UNIQUE_NAME>
                    <MEMBER_NAME>South</MEMBER_NAME>
                    <MEMBER_KEY>South</MEMBER_KEY>
                    <MEMBER_TYPE>1</MEMBER_TYPE>
                    <MEMBER_VALUE>South</MEMBER_VALUE>
                    <PARENT_LEVEL>0</PARENT_LEVEL>
                    <PARENT_COUNT>1</PARENT_COUNT>
                    <CHILDREN_CARDINALITY>0</CHILDREN_CARDINALITY>
                  </Member>
                  <Member Hierarchy="[ProductCategory].[ProductCategory]">
                    <UName>[ProductCategory].[ProductCategory].&amp;[Category D]</UName>
                    <Caption>Category D</Caption>
                    <LName>[ProductCategory].[ProductCategory].[ProductCategory]</LName>
                    <LNum>1</LNum>
                    <DisplayInfo>3</DisplayInfo>
                    <PARENT_UNIQUE_NAME>[ProductCategory].[ProductCategory].[All]</PARENT_UNIQUE_NAME>
                    <HIERARCHY_UNIQUE_NAME>[ProductCategory].[ProductCategory]</HIERARCHY_UNIQUE_NAME>
                    <MEMBER_NAME>Category D</MEMBER_NAME>
                    <MEMBER_KEY>Category D</MEMBER_KEY>
                    <MEMBER_TYPE>1</MEMBER_TYPE>
                    <MEMBER_VALUE>Category D</MEMBER_VALUE>
                    <PARENT_LEVEL>0</PARENT_LEVEL>
                    <PARENT_COUNT>1</PARENT_COUNT>
                    <CHILDREN_CARDINALITY>0</CHILDREN_CARDINALITY>
                  </Member>
                </Tuple>
              </Tuples>
            </Axis>
            <Axis name="SlicerAxis">
              <Tuples>
                <Tuple>
                  <Member Hierarchy="[Measures]">
                    <UName>[Measures].[Total Sales]</UName>
                    <Caption>Total Sales (SEK)</Caption>
                    <LName>[Measures].[MeasuresLevel]</LName>
                    <LNum>0</LNum>
                    <DisplayInfo>131072</DisplayInfo>
                  </Member>
                </Tuple>
              </Tuples>
            </Axis>
          </Axes>
          <CellData>
            <Cell CellOrdinal="0">
              <Value xsi:type="xsd:double">100000</Value>
              <FormatString>#,##0.00 SEK</FormatString>
              <BackColor></BackColor>
              <ForeColor></ForeColor>
            </Cell>
            <Cell CellOrdinal="1">
              <Value xsi:type="xsd:double">150000</Value>
              <FormatString>#,##0.00 SEK</FormatString>
              <BackColor></BackColor>
              <ForeColor></ForeColor>
            </Cell>
            <Cell CellOrdinal="2">
              <Value xsi:type="xsd:double">200000</Value>
              <FormatString>#,##0.00 SEK</FormatString>
              <BackColor></BackColor>
              <ForeColor></ForeColor>
            </Cell>
            <Cell CellOrdinal="3">
              <Value xsi:type="xsd:double">200000</Value>
              <FormatString>#,##0.00 SEK</FormatString>
              <BackColor></BackColor>
              <ForeColor></ForeColor>
            </Cell>
            <Cell CellOrdinal="4">
              <Value xsi:type="xsd:double">200000</Value>
              <FormatString>#,##0.00 SEK</FormatString>
              <BackColor></BackColor>
              <ForeColor></ForeColor>
            </Cell>
            <Cell CellOrdinal="5">
              <Value xsi:type="xsd:double">100000</Value>
              <FormatString>#,##0.00 SEK</FormatString>
              <BackColor></BackColor>
              <ForeColor></ForeColor>
            </Cell>
            <Cell CellOrdinal="6">
              <Value xsi:type="xsd:double">200000</Value>
              <FormatString>#,##0.00 SEK</FormatString>
              <BackColor></BackColor>
              <ForeColor></ForeColor>
            </Cell>
            <Cell CellOrdinal="7">
              <Value xsi:type="xsd:double">100500.5</Value>
              <FormatString>#,##0.00 SEK</FormatString>
              <BackColor></BackColor>
              <ForeColor></ForeColor>
            </Cell>
          </CellData>
        </root>
      </return>
    </ExecuteResponse>
  </soap:Body>
</soap:Envelope>
===== EXECUTE REQUEST =====
MDX: SELECT NON EMPTY Hierarchize(DrilldownMember(CrossJoin({[Region].[Region].[All],[Region].[Region].[Region].AllMembers}, {([ProductCategory].[ProductCategory].[All])}), {-{[Region].[Region].&[South]}}, [ProductCategory].[ProductCategory])) DIMENSION PROPERTIES PARENT_UNIQUE_NAME,HIERARCHY_UNIQUE_NAME,[Region].[Region].[Region]MEMBER_CAPTION,[Region].[Region].[Region]MEMBER_NAME,[Region].[Region].[Region]MEMBER_UNIQUE_NAME,[Region].[Region].[Region]MEMBER_KEY,[Region].[Region].[Region]MEMBER_TYPE,[Region].[Region].[Region]MEMBER_VALUE,[Region].[Region].[Region]LEVEL_NUMBER,[Region].[Region].[Region]LEVEL_UNIQUE_NAME,[Region].[Region].[Region]PARENT_LEVEL,[Region].[Region].[Region]PARENT_UNIQUE_NAME,[Region].[Region].[Region]PARENT_COUNT,[Region].[Region].[Region]CHILDREN_CARDINALITY,[ProductCategory].[ProductCategory].[ProductCategory]MEMBER_CAPTION,[ProductCategory].[ProductCategory].[ProductCategory]MEMBER_NAME,[ProductCategory].[ProductCategory].[ProductCategory]MEMBER_UNIQUE_NAME,[ProductCategory].[ProductCategory].[ProductCategory]MEMBER_KEY,[ProductCategory].[ProductCategory].[ProductCategory]MEMBER_TYPE,[ProductCategory].[ProductCategory].[ProductCategory]MEMBER_VALUE,[ProductCategory].[ProductCategory].[ProductCategory]LEVEL_NUMBER,[ProductCategory].[ProductCategory].[ProductCategory]LEVEL_UNIQUE_NAME,[ProductCategory].[ProductCategory].[ProductCategory]PARENT_LEVEL,[ProductCategory].[ProductCategory].[ProductCategory]PARENT_UNIQUE_NAME,[ProductCategory].[ProductCategory].[ProductCategory]PARENT_COUNT,[ProductCategory].[ProductCategory].[ProductCategory]CHILDREN_CARDINALITY ON COLUMNS  FROM [Model] WHERE ([Measures].[Total Sales]) CELL PROPERTIES VALUE, FORMAT_STRING, BACK_COLOR, FORE_COLOR
REQUEST XML:
<soap:Envelope xmlns:soap="http://schemas.xmlsoap.org/soap/envelope/"><soap:Header><Session xmlns="urn:schemas-microsoft-com:xml-analysis" SessionId="RUST-SESSION-456"/></soap:Header><soap:Body><Execute xmlns="urn:schemas-microsoft-com:xml-analysis"><Command><Statement>SELECT NON EMPTY Hierarchize(DrilldownMember(CrossJoin({[Region].[Region].[All],[Region].[Region].[Region].AllMembers}, {([ProductCategory].[ProductCategory].[All])}), {-{[Region].[Region].&amp;[South]}}, [ProductCategory].[ProductCategory])) DIMENSION PROPERTIES PARENT_UNIQUE_NAME,HIERARCHY_UNIQUE_NAME,[Region].[Region].[Region]MEMBER_CAPTION,[Region].[Region].[Region]MEMBER_NAME,[Region].[Region].[Region]MEMBER_UNIQUE_NAME,[Region].[Region].[Region]MEMBER_KEY,[Region].[Region].[Region]MEMBER_TYPE,[Region].[Region].[Region]MEMBER_VALUE,[Region].[Region].[Region]LEVEL_NUMBER,[Region].[Region].[Region]LEVEL_UNIQUE_NAME,[Region].[Region].[Region]PARENT_LEVEL,[Region].[Region].[Region]PARENT_UNIQUE_NAME,[Region].[Region].[Region]PARENT_COUNT,[Region].[Region].[Region]CHILDREN_CARDINALITY,[ProductCategory].[ProductCategory].[ProductCategory]MEMBER_CAPTION,[ProductCategory].[ProductCategory].[ProductCategory]MEMBER_NAME,[ProductCategory].[ProductCategory].[ProductCategory]MEMBER_UNIQUE_NAME,[ProductCategory].[ProductCategory].[ProductCategory]MEMBER_KEY,[ProductCategory].[ProductCategory].[ProductCategory]MEMBER_TYPE,[ProductCategory].[ProductCategory].[ProductCategory]MEMBER_VALUE,[ProductCategory].[ProductCategory].[ProductCategory]LEVEL_NUMBER,[ProductCategory].[ProductCategory].[ProductCategory]LEVEL_UNIQUE_NAME,[ProductCategory].[ProductCategory].[ProductCategory]PARENT_LEVEL,[ProductCategory].[ProductCategory].[ProductCategory]PARENT_UNIQUE_NAME,[ProductCategory].[ProductCategory].[ProductCategory]PARENT_COUNT,[ProductCategory].[ProductCategory].[ProductCategory]CHILDREN_CARDINALITY ON COLUMNS  FROM [Model] WHERE ([Measures].[Total Sales]) CELL PROPERTIES VALUE, FORMAT_STRING, BACK_COLOR, FORE_COLOR</Statement></Command><Properties><PropertyList><Catalog>KTH_KEX_MALLOY_CUBE</Catalog><Timeout>0</Timeout><Format>Native</Format><DbpropMsmdFlattened2>false</DbpropMsmdFlattened2><SspropInitAppName>Excel</SspropInitAppName><SafetyOptions>2</SafetyOptions><Dialect>MDX</Dialect><ClientProcessID>10980</ClientProcessID><MdxMissingMemberMode>Error</MdxMissingMemberMode><DbpropMsmdOptimizeResponse>9</DbpropMsmdOptimizeResponse><DbpropMsmdActivityID>A4BBEEB6-1DB9-4A9A-9A65-4105122C7559</DbpropMsmdActivityID><DbpropMsmdRequestID>86CB3CFD-B587-40A0-9ACB-8F852F4F0993</DbpropMsmdRequestID><DbpropMsmdCurrentActivityID>A4BBEEB6-1DB9-4A9A-9A65-4105122C7559</DbpropMsmdCurrentActivityID><LocaleIdentifier>1033</LocaleIdentifier><DbpropMsmdMDXCompatibility>1</DbpropMsmdMDXCompatibility><DbpropMsmdSubqueries>2</DbpropMsmdSubqueries></PropertyList></Properties></Execute></soap:Body></soap:Envelope>
RESPONSE XML:
<soap:Envelope xmlns:soap="http://schemas.xmlsoap.org/soap/envelope/">
  <soap:Header>
    <Session xmlns="urn:schemas-microsoft-com:xml-analysis" SessionId="RUST-SESSION-456" />
  </soap:Header>
  <soap:Body>
    <ExecuteResponse xmlns="urn:schemas-microsoft-com:xml-analysis">
      <return>
        <root xmlns="urn:schemas-microsoft-com:xml-analysis:mddataset"
              xmlns:xsi="http://www.w3.org/2001/XMLSchema-instance"
              xmlns:xsd="http://www.w3.org/2001/XMLSchema">
          <xsd:schema targetNamespace="urn:schemas-microsoft-com:xml-analysis:mddataset"
                       elementFormDefault="qualified"
                       xmlns="urn:schemas-microsoft-com:xml-analysis:mddataset">
            <xsd:element name="root">
              <xsd:complexType>
                <xsd:sequence>
                  <xsd:any namespace="http://www.w3.org/2001/XMLSchema"
                           processContents="strict" minOccurs="0"/>
                  <xsd:element name="OlapInfo" minOccurs="0"/>
                  <xsd:element name="Axes" minOccurs="0"/>
                  <xsd:element name="CellData" minOccurs="0"/>
                </xsd:sequence>
              </xsd:complexType>
            </xsd:element>
          </xsd:schema>
          <OlapInfo>
            <CubeInfo>
              <Cube>
                <CubeName>Model</CubeName>
              </Cube>
            </CubeInfo>
            <AxesInfo>
              <AxisInfo name="Axis0">
                <HierarchyInfo name="[Region].[Region]">
                  <UName name="[Region].[Region].[MEMBER_UNIQUE_NAME]" type="xsd:string"/>
                  <Caption name="[Region].[Region].[MEMBER_CAPTION]" type="xsd:string"/>
                  <LName name="[Region].[Region].[LEVEL_UNIQUE_NAME]" type="xsd:string"/>
                  <LNum name="[Region].[Region].[LEVEL_NUMBER]" type="xsd:int"/>
                  <DisplayInfo name="[Region].[Region].[DISPLAY_INFO]" type="xsd:unsignedInt"/>
                  <PARENT_UNIQUE_NAME name="[Region].[Region].[PARENT_UNIQUE_NAME]" type="xsd:string"/>
                  <HIERARCHY_UNIQUE_NAME name="[Region].[Region].[HIERARCHY_UNIQUE_NAME]" type="xsd:string"/>
                  <MEMBER_NAME name="[Region].[Region].[MEMBER_NAME]" type="xsd:string"/>
                  <MEMBER_KEY name="[Region].[Region].[MEMBER_KEY]" type="xsd:string"/>
                  <MEMBER_TYPE name="[Region].[Region].[MEMBER_TYPE]" type="xsd:int"/>
                  <MEMBER_VALUE name="[Region].[Region].[MEMBER_VALUE]" type="xsd:string"/>
                  <PARENT_LEVEL name="[Region].[Region].[PARENT_LEVEL]" type="xsd:int"/>
                  <PARENT_COUNT name="[Region].[Region].[PARENT_COUNT]" type="xsd:int"/>
                  <CHILDREN_CARDINALITY name="[Region].[Region].[CHILDREN_CARDINALITY]" type="xsd:unsignedInt"/>
                </HierarchyInfo>
                <HierarchyInfo name="[ProductCategory].[ProductCategory]">
                  <UName name="[ProductCategory].[ProductCategory].[MEMBER_UNIQUE_NAME]" type="xsd:string"/>
                  <Caption name="[ProductCategory].[ProductCategory].[MEMBER_CAPTION]" type="xsd:string"/>
                  <LName name="[ProductCategory].[ProductCategory].[LEVEL_UNIQUE_NAME]" type="xsd:string"/>
                  <LNum name="[ProductCategory].[ProductCategory].[LEVEL_NUMBER]" type="xsd:int"/>
                  <DisplayInfo name="[ProductCategory].[ProductCategory].[DISPLAY_INFO]" type="xsd:unsignedInt"/>
                  <PARENT_UNIQUE_NAME name="[ProductCategory].[ProductCategory].[PARENT_UNIQUE_NAME]" type="xsd:string"/>
                  <HIERARCHY_UNIQUE_NAME name="[ProductCategory].[ProductCategory].[HIERARCHY_UNIQUE_NAME]" type="xsd:string"/>
                  <MEMBER_NAME name="[ProductCategory].[ProductCategory].[MEMBER_NAME]" type="xsd:string"/>
                  <MEMBER_KEY name="[ProductCategory].[ProductCategory].[MEMBER_KEY]" type="xsd:string"/>
                  <MEMBER_TYPE name="[ProductCategory].[ProductCategory].[MEMBER_TYPE]" type="xsd:int"/>
                  <MEMBER_VALUE name="[ProductCategory].[ProductCategory].[MEMBER_VALUE]" type="xsd:string"/>
                  <PARENT_LEVEL name="[ProductCategory].[ProductCategory].[PARENT_LEVEL]" type="xsd:int"/>
                  <PARENT_COUNT name="[ProductCategory].[ProductCategory].[PARENT_COUNT]" type="xsd:int"/>
                  <CHILDREN_CARDINALITY name="[ProductCategory].[ProductCategory].[CHILDREN_CARDINALITY]" type="xsd:unsignedInt"/>
                </HierarchyInfo>
              </AxisInfo>
              <AxisInfo name="SlicerAxis">
                <HierarchyInfo name="[Measures]">
                  <UName name="[Measures].[MEMBER_UNIQUE_NAME]" type="xsd:string"/>
                  <Caption name="[Measures].[MEMBER_CAPTION]" type="xsd:string"/>
                  <LName name="[Measures].[LEVEL_UNIQUE_NAME]" type="xsd:string"/>
                  <LNum name="[Measures].[LEVEL_NUMBER]" type="xsd:int"/>
                  <DisplayInfo name="[Measures].[DISPLAY_INFO]" type="xsd:unsignedInt"/>
                </HierarchyInfo>
              </AxisInfo>
            </AxesInfo>
            <CellInfo>
              <Value name="VALUE"/>
              <FormatString name="FORMAT_STRING" type="xsd:string"/>
              <BackColor name="BACK_COLOR" type="xsd:string"/>
              <ForeColor name="FORE_COLOR" type="xsd:string"/>
            </CellInfo>
          </OlapInfo>
          <Axes>
            <Axis name="Axis0">
              <Tuples>
                <Tuple>
                  <Member Hierarchy="[Region].[Region]">
                    <UName>[Region].[Region].&amp;[North]</UName>
                    <Caption>North</Caption>
                    <LName>[Region].[Region].[Region]</LName>
                    <LNum>1</LNum>
                    <DisplayInfo>3</DisplayInfo>
                    <PARENT_UNIQUE_NAME>[Region].[Region].[All]</PARENT_UNIQUE_NAME>
                    <HIERARCHY_UNIQUE_NAME>[Region].[Region]</HIERARCHY_UNIQUE_NAME>
                    <MEMBER_NAME>North</MEMBER_NAME>
                    <MEMBER_KEY>North</MEMBER_KEY>
                    <MEMBER_TYPE>1</MEMBER_TYPE>
                    <MEMBER_VALUE>North</MEMBER_VALUE>
                    <PARENT_LEVEL>0</PARENT_LEVEL>
                    <PARENT_COUNT>1</PARENT_COUNT>
                    <CHILDREN_CARDINALITY>0</CHILDREN_CARDINALITY>
                  </Member>
                  <Member Hierarchy="[ProductCategory].[ProductCategory]">
                    <UName>[ProductCategory].[ProductCategory].&amp;[Category A]</UName>
                    <Caption>Category A</Caption>
                    <LName>[ProductCategory].[ProductCategory].[ProductCategory]</LName>
                    <LNum>1</LNum>
                    <DisplayInfo>3</DisplayInfo>
                    <PARENT_UNIQUE_NAME>[ProductCategory].[ProductCategory].[All]</PARENT_UNIQUE_NAME>
                    <HIERARCHY_UNIQUE_NAME>[ProductCategory].[ProductCategory]</HIERARCHY_UNIQUE_NAME>
                    <MEMBER_NAME>Category A</MEMBER_NAME>
                    <MEMBER_KEY>Category A</MEMBER_KEY>
                    <MEMBER_TYPE>1</MEMBER_TYPE>
                    <MEMBER_VALUE>Category A</MEMBER_VALUE>
                    <PARENT_LEVEL>0</PARENT_LEVEL>
                    <PARENT_COUNT>1</PARENT_COUNT>
                    <CHILDREN_CARDINALITY>0</CHILDREN_CARDINALITY>
                  </Member>
                </Tuple>
                <Tuple>
                  <Member Hierarchy="[Region].[Region]">
                    <UName>[Region].[Region].&amp;[North]</UName>
                    <Caption>North</Caption>
                    <LName>[Region].[Region].[Region]</LName>
                    <LNum>1</LNum>
                    <DisplayInfo>3</DisplayInfo>
                    <PARENT_UNIQUE_NAME>[Region].[Region].[All]</PARENT_UNIQUE_NAME>
                    <HIERARCHY_UNIQUE_NAME>[Region].[Region]</HIERARCHY_UNIQUE_NAME>
                    <MEMBER_NAME>North</MEMBER_NAME>
                    <MEMBER_KEY>North</MEMBER_KEY>
                    <MEMBER_TYPE>1</MEMBER_TYPE>
                    <MEMBER_VALUE>North</MEMBER_VALUE>
                    <PARENT_LEVEL>0</PARENT_LEVEL>
                    <PARENT_COUNT>1</PARENT_COUNT>
                    <CHILDREN_CARDINALITY>0</CHILDREN_CARDINALITY>
                  </Member>
                  <Member Hierarchy="[ProductCategory].[ProductCategory]">
                    <UName>[ProductCategory].[ProductCategory].&amp;[Category B]</UName>
                    <Caption>Category B</Caption>
                    <LName>[ProductCategory].[ProductCategory].[ProductCategory]</LName>
                    <LNum>1</LNum>
                    <DisplayInfo>3</DisplayInfo>
                    <PARENT_UNIQUE_NAME>[ProductCategory].[ProductCategory].[All]</PARENT_UNIQUE_NAME>
                    <HIERARCHY_UNIQUE_NAME>[ProductCategory].[ProductCategory]</HIERARCHY_UNIQUE_NAME>
                    <MEMBER_NAME>Category B</MEMBER_NAME>
                    <MEMBER_KEY>Category B</MEMBER_KEY>
                    <MEMBER_TYPE>1</MEMBER_TYPE>
                    <MEMBER_VALUE>Category B</MEMBER_VALUE>
                    <PARENT_LEVEL>0</PARENT_LEVEL>
                    <PARENT_COUNT>1</PARENT_COUNT>
                    <CHILDREN_CARDINALITY>0</CHILDREN_CARDINALITY>
                  </Member>
                </Tuple>
                <Tuple>
                  <Member Hierarchy="[Region].[Region]">
                    <UName>[Region].[Region].&amp;[North]</UName>
                    <Caption>North</Caption>
                    <LName>[Region].[Region].[Region]</LName>
                    <LNum>1</LNum>
                    <DisplayInfo>3</DisplayInfo>
                    <PARENT_UNIQUE_NAME>[Region].[Region].[All]</PARENT_UNIQUE_NAME>
                    <HIERARCHY_UNIQUE_NAME>[Region].[Region]</HIERARCHY_UNIQUE_NAME>
                    <MEMBER_NAME>North</MEMBER_NAME>
                    <MEMBER_KEY>North</MEMBER_KEY>
                    <MEMBER_TYPE>1</MEMBER_TYPE>
                    <MEMBER_VALUE>North</MEMBER_VALUE>
                    <PARENT_LEVEL>0</PARENT_LEVEL>
                    <PARENT_COUNT>1</PARENT_COUNT>
                    <CHILDREN_CARDINALITY>0</CHILDREN_CARDINALITY>
                  </Member>
                  <Member Hierarchy="[ProductCategory].[ProductCategory]">
                    <UName>[ProductCategory].[ProductCategory].&amp;[Category C]</UName>
                    <Caption>Category C</Caption>
                    <LName>[ProductCategory].[ProductCategory].[ProductCategory]</LName>
                    <LNum>1</LNum>
                    <DisplayInfo>3</DisplayInfo>
                    <PARENT_UNIQUE_NAME>[ProductCategory].[ProductCategory].[All]</PARENT_UNIQUE_NAME>
                    <HIERARCHY_UNIQUE_NAME>[ProductCategory].[ProductCategory]</HIERARCHY_UNIQUE_NAME>
                    <MEMBER_NAME>Category C</MEMBER_NAME>
                    <MEMBER_KEY>Category C</MEMBER_KEY>
                    <MEMBER_TYPE>1</MEMBER_TYPE>
                    <MEMBER_VALUE>Category C</MEMBER_VALUE>
                    <PARENT_LEVEL>0</PARENT_LEVEL>
                    <PARENT_COUNT>1</PARENT_COUNT>
                    <CHILDREN_CARDINALITY>0</CHILDREN_CARDINALITY>
                  </Member>
                </Tuple>
                <Tuple>
                  <Member Hierarchy="[Region].[Region]">
                    <UName>[Region].[Region].&amp;[North]</UName>
                    <Caption>North</Caption>
                    <LName>[Region].[Region].[Region]</LName>
                    <LNum>1</LNum>
                    <DisplayInfo>3</DisplayInfo>
                    <PARENT_UNIQUE_NAME>[Region].[Region].[All]</PARENT_UNIQUE_NAME>
                    <HIERARCHY_UNIQUE_NAME>[Region].[Region]</HIERARCHY_UNIQUE_NAME>
                    <MEMBER_NAME>North</MEMBER_NAME>
                    <MEMBER_KEY>North</MEMBER_KEY>
                    <MEMBER_TYPE>1</MEMBER_TYPE>
                    <MEMBER_VALUE>North</MEMBER_VALUE>
                    <PARENT_LEVEL>0</PARENT_LEVEL>
                    <PARENT_COUNT>1</PARENT_COUNT>
                    <CHILDREN_CARDINALITY>0</CHILDREN_CARDINALITY>
                  </Member>
                  <Member Hierarchy="[ProductCategory].[ProductCategory]">
                    <UName>[ProductCategory].[ProductCategory].&amp;[Category D]</UName>
                    <Caption>Category D</Caption>
                    <LName>[ProductCategory].[ProductCategory].[ProductCategory]</LName>
                    <LNum>1</LNum>
                    <DisplayInfo>3</DisplayInfo>
                    <PARENT_UNIQUE_NAME>[ProductCategory].[ProductCategory].[All]</PARENT_UNIQUE_NAME>
                    <HIERARCHY_UNIQUE_NAME>[ProductCategory].[ProductCategory]</HIERARCHY_UNIQUE_NAME>
                    <MEMBER_NAME>Category D</MEMBER_NAME>
                    <MEMBER_KEY>Category D</MEMBER_KEY>
                    <MEMBER_TYPE>1</MEMBER_TYPE>
                    <MEMBER_VALUE>Category D</MEMBER_VALUE>
                    <PARENT_LEVEL>0</PARENT_LEVEL>
                    <PARENT_COUNT>1</PARENT_COUNT>
                    <CHILDREN_CARDINALITY>0</CHILDREN_CARDINALITY>
                  </Member>
                </Tuple>
                <Tuple>
                  <Member Hierarchy="[Region].[Region]">
                    <UName>[Region].[Region].&amp;[South]</UName>
                    <Caption>South</Caption>
                    <LName>[Region].[Region].[Region]</LName>
                    <LNum>1</LNum>
                    <DisplayInfo>3</DisplayInfo>
                    <PARENT_UNIQUE_NAME>[Region].[Region].[All]</PARENT_UNIQUE_NAME>
                    <HIERARCHY_UNIQUE_NAME>[Region].[Region]</HIERARCHY_UNIQUE_NAME>
                    <MEMBER_NAME>South</MEMBER_NAME>
                    <MEMBER_KEY>South</MEMBER_KEY>
                    <MEMBER_TYPE>1</MEMBER_TYPE>
                    <MEMBER_VALUE>South</MEMBER_VALUE>
                    <PARENT_LEVEL>0</PARENT_LEVEL>
                    <PARENT_COUNT>1</PARENT_COUNT>
                    <CHILDREN_CARDINALITY>0</CHILDREN_CARDINALITY>
                  </Member>
                  <Member Hierarchy="[ProductCategory].[ProductCategory]">
                    <UName>[ProductCategory].[ProductCategory].[All]</UName>
                    <Caption>All</Caption>
                    <LName>[ProductCategory].[ProductCategory].[(All)]</LName>
                    <LNum>0</LNum>
                    <DisplayInfo>5</DisplayInfo>
                    <HIERARCHY_UNIQUE_NAME>[ProductCategory].[ProductCategory]</HIERARCHY_UNIQUE_NAME>
                    <MEMBER_NAME>All</MEMBER_NAME>
                    <MEMBER_KEY>All</MEMBER_KEY>
                    <MEMBER_TYPE>2</MEMBER_TYPE>
                    <MEMBER_VALUE>All</MEMBER_VALUE>
                    <PARENT_LEVEL>0</PARENT_LEVEL>
                    <PARENT_COUNT>0</PARENT_COUNT>
                    <CHILDREN_CARDINALITY>4</CHILDREN_CARDINALITY>
                  </Member>
                </Tuple>
              </Tuples>
            </Axis>
            <Axis name="SlicerAxis">
              <Tuples>
                <Tuple>
                  <Member Hierarchy="[Measures]">
                    <UName>[Measures].[Total Sales]</UName>
                    <Caption>Total Sales (SEK)</Caption>
                    <LName>[Measures].[MeasuresLevel]</LName>
                    <LNum>0</LNum>
                    <DisplayInfo>131072</DisplayInfo>
                  </Member>
                </Tuple>
              </Tuples>
            </Axis>
          </Axes>
          <CellData>
            <Cell CellOrdinal="0">
              <Value xsi:type="xsd:double">100000</Value>
              <FormatString>#,##0.00 SEK</FormatString>
              <BackColor></BackColor>
              <ForeColor></ForeColor>
            </Cell>
            <Cell CellOrdinal="1">
              <Value xsi:type="xsd:double">150000</Value>
              <FormatString>#,##0.00 SEK</FormatString>
              <BackColor></BackColor>
              <ForeColor></ForeColor>
            </Cell>
            <Cell CellOrdinal="2">
              <Value xsi:type="xsd:double">200000</Value>
              <FormatString>#,##0.00 SEK</FormatString>
              <BackColor></BackColor>
              <ForeColor></ForeColor>
            </Cell>
            <Cell CellOrdinal="3">
              <Value xsi:type="xsd:double">200000</Value>
              <FormatString>#,##0.00 SEK</FormatString>
              <BackColor></BackColor>
              <ForeColor></ForeColor>
            </Cell>
            <Cell CellOrdinal="4">
              <Value xsi:type="xsd:double">600500.5</Value>
              <FormatString>#,##0.00 SEK</FormatString>
              <BackColor></BackColor>
              <ForeColor></ForeColor>
            </Cell>
          </CellData>
        </root>
      </return>
    </ExecuteResponse>
  </soap:Body>
</soap:Envelope>
===== EXECUTE REQUEST =====
MDX: SELECT NON EMPTY CrossJoin(Hierarchize({DrilldownLevel({[Region].[Region].[All]},,,INCLUDE_CALC_MEMBERS)}), Hierarchize({DrilldownLevel({[ProductCategory].[ProductCategory].[All]},,,INCLUDE_CALC_MEMBERS)})) DIMENSION PROPERTIES PARENT_UNIQUE_NAME,HIERARCHY_UNIQUE_NAME,[Region].[Region].[Region]MEMBER_CAPTION,[Region].[Region].[Region]MEMBER_NAME,[Region].[Region].[Region]MEMBER_UNIQUE_NAME,[Region].[Region].[Region]MEMBER_KEY,[Region].[Region].[Region]MEMBER_TYPE,[Region].[Region].[Region]MEMBER_VALUE,[Region].[Region].[Region]LEVEL_NUMBER,[Region].[Region].[Region]LEVEL_UNIQUE_NAME,[Region].[Region].[Region]PARENT_LEVEL,[Region].[Region].[Region]PARENT_UNIQUE_NAME,[Region].[Region].[Region]PARENT_COUNT,[Region].[Region].[Region]CHILDREN_CARDINALITY,[ProductCategory].[ProductCategory].[ProductCategory]MEMBER_CAPTION,[ProductCategory].[ProductCategory].[ProductCategory]MEMBER_NAME,[ProductCategory].[ProductCategory].[ProductCategory]MEMBER_UNIQUE_NAME,[ProductCategory].[ProductCategory].[ProductCategory]MEMBER_KEY,[ProductCategory].[ProductCategory].[ProductCategory]MEMBER_TYPE,[ProductCategory].[ProductCategory].[ProductCategory]MEMBER_VALUE,[ProductCategory].[ProductCategory].[ProductCategory]LEVEL_NUMBER,[ProductCategory].[ProductCategory].[ProductCategory]LEVEL_UNIQUE_NAME,[ProductCategory].[ProductCategory].[ProductCategory]PARENT_LEVEL,[ProductCategory].[ProductCategory].[ProductCategory]PARENT_UNIQUE_NAME,[ProductCategory].[ProductCategory].[ProductCategory]PARENT_COUNT,[ProductCategory].[ProductCategory].[ProductCategory]CHILDREN_CARDINALITY ON COLUMNS  FROM [Model] WHERE ([Measures].[Total Sales]) CELL PROPERTIES VALUE, FORMAT_STRING, BACK_COLOR, FORE_COLOR
REQUEST XML:
<soap:Envelope xmlns:soap="http://schemas.xmlsoap.org/soap/envelope/"><soap:Header><Session xmlns="urn:schemas-microsoft-com:xml-analysis" SessionId="RUST-SESSION-456"/></soap:Header><soap:Body><Execute xmlns="urn:schemas-microsoft-com:xml-analysis"><Command><Statement>SELECT NON EMPTY CrossJoin(Hierarchize({DrilldownLevel({[Region].[Region].[All]},,,INCLUDE_CALC_MEMBERS)}), Hierarchize({DrilldownLevel({[ProductCategory].[ProductCategory].[All]},,,INCLUDE_CALC_MEMBERS)})) DIMENSION PROPERTIES PARENT_UNIQUE_NAME,HIERARCHY_UNIQUE_NAME,[Region].[Region].[Region]MEMBER_CAPTION,[Region].[Region].[Region]MEMBER_NAME,[Region].[Region].[Region]MEMBER_UNIQUE_NAME,[Region].[Region].[Region]MEMBER_KEY,[Region].[Region].[Region]MEMBER_TYPE,[Region].[Region].[Region]MEMBER_VALUE,[Region].[Region].[Region]LEVEL_NUMBER,[Region].[Region].[Region]LEVEL_UNIQUE_NAME,[Region].[Region].[Region]PARENT_LEVEL,[Region].[Region].[Region]PARENT_UNIQUE_NAME,[Region].[Region].[Region]PARENT_COUNT,[Region].[Region].[Region]CHILDREN_CARDINALITY,[ProductCategory].[ProductCategory].[ProductCategory]MEMBER_CAPTION,[ProductCategory].[ProductCategory].[ProductCategory]MEMBER_NAME,[ProductCategory].[ProductCategory].[ProductCategory]MEMBER_UNIQUE_NAME,[ProductCategory].[ProductCategory].[ProductCategory]MEMBER_KEY,[ProductCategory].[ProductCategory].[ProductCategory]MEMBER_TYPE,[ProductCategory].[ProductCategory].[ProductCategory]MEMBER_VALUE,[ProductCategory].[ProductCategory].[ProductCategory]LEVEL_NUMBER,[ProductCategory].[ProductCategory].[ProductCategory]LEVEL_UNIQUE_NAME,[ProductCategory].[ProductCategory].[ProductCategory]PARENT_LEVEL,[ProductCategory].[ProductCategory].[ProductCategory]PARENT_UNIQUE_NAME,[ProductCategory].[ProductCategory].[ProductCategory]PARENT_COUNT,[ProductCategory].[ProductCategory].[ProductCategory]CHILDREN_CARDINALITY ON COLUMNS  FROM [Model] WHERE ([Measures].[Total Sales]) CELL PROPERTIES VALUE, FORMAT_STRING, BACK_COLOR, FORE_COLOR</Statement></Command><Properties><PropertyList><Catalog>KTH_KEX_MALLOY_CUBE</Catalog><Timeout>0</Timeout><Format>Native</Format><DbpropMsmdFlattened2>false</DbpropMsmdFlattened2><SspropInitAppName>Excel</SspropInitAppName><SafetyOptions>2</SafetyOptions><Dialect>MDX</Dialect><ClientProcessID>10980</ClientProcessID><MdxMissingMemberMode>Error</MdxMissingMemberMode><DbpropMsmdOptimizeResponse>9</DbpropMsmdOptimizeResponse><DbpropMsmdActivityID>A4BBEEB6-1DB9-4A9A-9A65-4105122C7559</DbpropMsmdActivityID><DbpropMsmdRequestID>3E8A5844-93DB-406B-BCA3-54C9E842DD36</DbpropMsmdRequestID><DbpropMsmdCurrentActivityID>A4BBEEB6-1DB9-4A9A-9A65-4105122C7559</DbpropMsmdCurrentActivityID><LocaleIdentifier>1033</LocaleIdentifier><DbpropMsmdMDXCompatibility>1</DbpropMsmdMDXCompatibility><DbpropMsmdSubqueries>2</DbpropMsmdSubqueries></PropertyList></Properties></Execute></soap:Body></soap:Envelope>
RESPONSE XML:
<soap:Envelope xmlns:soap="http://schemas.xmlsoap.org/soap/envelope/">
  <soap:Header>
    <Session xmlns="urn:schemas-microsoft-com:xml-analysis" SessionId="RUST-SESSION-456" />
  </soap:Header>
  <soap:Body>
    <ExecuteResponse xmlns="urn:schemas-microsoft-com:xml-analysis">
      <return>
        <root xmlns="urn:schemas-microsoft-com:xml-analysis:mddataset"
              xmlns:xsi="http://www.w3.org/2001/XMLSchema-instance"
              xmlns:xsd="http://www.w3.org/2001/XMLSchema">
          <xsd:schema targetNamespace="urn:schemas-microsoft-com:xml-analysis:mddataset"
                       elementFormDefault="qualified"
                       xmlns="urn:schemas-microsoft-com:xml-analysis:mddataset">
            <xsd:element name="root">
              <xsd:complexType>
                <xsd:sequence>
                  <xsd:any namespace="http://www.w3.org/2001/XMLSchema"
                           processContents="strict" minOccurs="0"/>
                  <xsd:element name="OlapInfo" minOccurs="0"/>
                  <xsd:element name="Axes" minOccurs="0"/>
                  <xsd:element name="CellData" minOccurs="0"/>
                </xsd:sequence>
              </xsd:complexType>
            </xsd:element>
          </xsd:schema>
          <OlapInfo>
            <CubeInfo>
              <Cube>
                <CubeName>Model</CubeName>
              </Cube>
            </CubeInfo>
            <AxesInfo>
              <AxisInfo name="Axis0">
                <HierarchyInfo name="[Region].[Region]">
                  <UName name="[Region].[Region].[MEMBER_UNIQUE_NAME]" type="xsd:string"/>
                  <Caption name="[Region].[Region].[MEMBER_CAPTION]" type="xsd:string"/>
                  <LName name="[Region].[Region].[LEVEL_UNIQUE_NAME]" type="xsd:string"/>
                  <LNum name="[Region].[Region].[LEVEL_NUMBER]" type="xsd:int"/>
                  <DisplayInfo name="[Region].[Region].[DISPLAY_INFO]" type="xsd:unsignedInt"/>
                  <PARENT_UNIQUE_NAME name="[Region].[Region].[PARENT_UNIQUE_NAME]" type="xsd:string"/>
                  <HIERARCHY_UNIQUE_NAME name="[Region].[Region].[HIERARCHY_UNIQUE_NAME]" type="xsd:string"/>
                  <MEMBER_NAME name="[Region].[Region].[MEMBER_NAME]" type="xsd:string"/>
                  <MEMBER_KEY name="[Region].[Region].[MEMBER_KEY]" type="xsd:string"/>
                  <MEMBER_TYPE name="[Region].[Region].[MEMBER_TYPE]" type="xsd:int"/>
                  <MEMBER_VALUE name="[Region].[Region].[MEMBER_VALUE]" type="xsd:string"/>
                  <PARENT_LEVEL name="[Region].[Region].[PARENT_LEVEL]" type="xsd:int"/>
                  <PARENT_COUNT name="[Region].[Region].[PARENT_COUNT]" type="xsd:int"/>
                  <CHILDREN_CARDINALITY name="[Region].[Region].[CHILDREN_CARDINALITY]" type="xsd:unsignedInt"/>
                </HierarchyInfo>
                <HierarchyInfo name="[ProductCategory].[ProductCategory]">
                  <UName name="[ProductCategory].[ProductCategory].[MEMBER_UNIQUE_NAME]" type="xsd:string"/>
                  <Caption name="[ProductCategory].[ProductCategory].[MEMBER_CAPTION]" type="xsd:string"/>
                  <LName name="[ProductCategory].[ProductCategory].[LEVEL_UNIQUE_NAME]" type="xsd:string"/>
                  <LNum name="[ProductCategory].[ProductCategory].[LEVEL_NUMBER]" type="xsd:int"/>
                  <DisplayInfo name="[ProductCategory].[ProductCategory].[DISPLAY_INFO]" type="xsd:unsignedInt"/>
                  <PARENT_UNIQUE_NAME name="[ProductCategory].[ProductCategory].[PARENT_UNIQUE_NAME]" type="xsd:string"/>
                  <HIERARCHY_UNIQUE_NAME name="[ProductCategory].[ProductCategory].[HIERARCHY_UNIQUE_NAME]" type="xsd:string"/>
                  <MEMBER_NAME name="[ProductCategory].[ProductCategory].[MEMBER_NAME]" type="xsd:string"/>
                  <MEMBER_KEY name="[ProductCategory].[ProductCategory].[MEMBER_KEY]" type="xsd:string"/>
                  <MEMBER_TYPE name="[ProductCategory].[ProductCategory].[MEMBER_TYPE]" type="xsd:int"/>
                  <MEMBER_VALUE name="[ProductCategory].[ProductCategory].[MEMBER_VALUE]" type="xsd:string"/>
                  <PARENT_LEVEL name="[ProductCategory].[ProductCategory].[PARENT_LEVEL]" type="xsd:int"/>
                  <PARENT_COUNT name="[ProductCategory].[ProductCategory].[PARENT_COUNT]" type="xsd:int"/>
                  <CHILDREN_CARDINALITY name="[ProductCategory].[ProductCategory].[CHILDREN_CARDINALITY]" type="xsd:unsignedInt"/>
                </HierarchyInfo>
              </AxisInfo>
              <AxisInfo name="SlicerAxis">
                <HierarchyInfo name="[Measures]">
                  <UName name="[Measures].[MEMBER_UNIQUE_NAME]" type="xsd:string"/>
                  <Caption name="[Measures].[MEMBER_CAPTION]" type="xsd:string"/>
                  <LName name="[Measures].[LEVEL_UNIQUE_NAME]" type="xsd:string"/>
                  <LNum name="[Measures].[LEVEL_NUMBER]" type="xsd:int"/>
                  <DisplayInfo name="[Measures].[DISPLAY_INFO]" type="xsd:unsignedInt"/>
                </HierarchyInfo>
              </AxisInfo>
            </AxesInfo>
            <CellInfo>
              <Value name="VALUE"/>
              <FormatString name="FORMAT_STRING" type="xsd:string"/>
              <BackColor name="BACK_COLOR" type="xsd:string"/>
              <ForeColor name="FORE_COLOR" type="xsd:string"/>
            </CellInfo>
          </OlapInfo>
          <Axes>
            <Axis name="Axis0">
              <Tuples>
                <Tuple>
                  <Member Hierarchy="[Region].[Region]">
                    <UName>[Region].[Region].&amp;[North]</UName>
                    <Caption>North</Caption>
                    <LName>[Region].[Region].[Region]</LName>
                    <LNum>1</LNum>
                    <DisplayInfo>3</DisplayInfo>
                    <PARENT_UNIQUE_NAME>[Region].[Region].[All]</PARENT_UNIQUE_NAME>
                    <HIERARCHY_UNIQUE_NAME>[Region].[Region]</HIERARCHY_UNIQUE_NAME>
                    <MEMBER_NAME>North</MEMBER_NAME>
                    <MEMBER_KEY>North</MEMBER_KEY>
                    <MEMBER_TYPE>1</MEMBER_TYPE>
                    <MEMBER_VALUE>North</MEMBER_VALUE>
                    <PARENT_LEVEL>0</PARENT_LEVEL>
                    <PARENT_COUNT>1</PARENT_COUNT>
                    <CHILDREN_CARDINALITY>0</CHILDREN_CARDINALITY>
                  </Member>
                  <Member Hierarchy="[ProductCategory].[ProductCategory]">
                    <UName>[ProductCategory].[ProductCategory].&amp;[Category A]</UName>
                    <Caption>Category A</Caption>
                    <LName>[ProductCategory].[ProductCategory].[ProductCategory]</LName>
                    <LNum>1</LNum>
                    <DisplayInfo>3</DisplayInfo>
                    <PARENT_UNIQUE_NAME>[ProductCategory].[ProductCategory].[All]</PARENT_UNIQUE_NAME>
                    <HIERARCHY_UNIQUE_NAME>[ProductCategory].[ProductCategory]</HIERARCHY_UNIQUE_NAME>
                    <MEMBER_NAME>Category A</MEMBER_NAME>
                    <MEMBER_KEY>Category A</MEMBER_KEY>
                    <MEMBER_TYPE>1</MEMBER_TYPE>
                    <MEMBER_VALUE>Category A</MEMBER_VALUE>
                    <PARENT_LEVEL>0</PARENT_LEVEL>
                    <PARENT_COUNT>1</PARENT_COUNT>
                    <CHILDREN_CARDINALITY>0</CHILDREN_CARDINALITY>
                  </Member>
                </Tuple>
                <Tuple>
                  <Member Hierarchy="[Region].[Region]">
                    <UName>[Region].[Region].&amp;[North]</UName>
                    <Caption>North</Caption>
                    <LName>[Region].[Region].[Region]</LName>
                    <LNum>1</LNum>
                    <DisplayInfo>3</DisplayInfo>
                    <PARENT_UNIQUE_NAME>[Region].[Region].[All]</PARENT_UNIQUE_NAME>
                    <HIERARCHY_UNIQUE_NAME>[Region].[Region]</HIERARCHY_UNIQUE_NAME>
                    <MEMBER_NAME>North</MEMBER_NAME>
                    <MEMBER_KEY>North</MEMBER_KEY>
                    <MEMBER_TYPE>1</MEMBER_TYPE>
                    <MEMBER_VALUE>North</MEMBER_VALUE>
                    <PARENT_LEVEL>0</PARENT_LEVEL>
                    <PARENT_COUNT>1</PARENT_COUNT>
                    <CHILDREN_CARDINALITY>0</CHILDREN_CARDINALITY>
                  </Member>
                  <Member Hierarchy="[ProductCategory].[ProductCategory]">
                    <UName>[ProductCategory].[ProductCategory].&amp;[Category B]</UName>
                    <Caption>Category B</Caption>
                    <LName>[ProductCategory].[ProductCategory].[ProductCategory]</LName>
                    <LNum>1</LNum>
                    <DisplayInfo>3</DisplayInfo>
                    <PARENT_UNIQUE_NAME>[ProductCategory].[ProductCategory].[All]</PARENT_UNIQUE_NAME>
                    <HIERARCHY_UNIQUE_NAME>[ProductCategory].[ProductCategory]</HIERARCHY_UNIQUE_NAME>
                    <MEMBER_NAME>Category B</MEMBER_NAME>
                    <MEMBER_KEY>Category B</MEMBER_KEY>
                    <MEMBER_TYPE>1</MEMBER_TYPE>
                    <MEMBER_VALUE>Category B</MEMBER_VALUE>
                    <PARENT_LEVEL>0</PARENT_LEVEL>
                    <PARENT_COUNT>1</PARENT_COUNT>
                    <CHILDREN_CARDINALITY>0</CHILDREN_CARDINALITY>
                  </Member>
                </Tuple>
                <Tuple>
                  <Member Hierarchy="[Region].[Region]">
                    <UName>[Region].[Region].&amp;[North]</UName>
                    <Caption>North</Caption>
                    <LName>[Region].[Region].[Region]</LName>
                    <LNum>1</LNum>
                    <DisplayInfo>3</DisplayInfo>
                    <PARENT_UNIQUE_NAME>[Region].[Region].[All]</PARENT_UNIQUE_NAME>
                    <HIERARCHY_UNIQUE_NAME>[Region].[Region]</HIERARCHY_UNIQUE_NAME>
                    <MEMBER_NAME>North</MEMBER_NAME>
                    <MEMBER_KEY>North</MEMBER_KEY>
                    <MEMBER_TYPE>1</MEMBER_TYPE>
                    <MEMBER_VALUE>North</MEMBER_VALUE>
                    <PARENT_LEVEL>0</PARENT_LEVEL>
                    <PARENT_COUNT>1</PARENT_COUNT>
                    <CHILDREN_CARDINALITY>0</CHILDREN_CARDINALITY>
                  </Member>
                  <Member Hierarchy="[ProductCategory].[ProductCategory]">
                    <UName>[ProductCategory].[ProductCategory].&amp;[Category C]</UName>
                    <Caption>Category C</Caption>
                    <LName>[ProductCategory].[ProductCategory].[ProductCategory]</LName>
                    <LNum>1</LNum>
                    <DisplayInfo>3</DisplayInfo>
                    <PARENT_UNIQUE_NAME>[ProductCategory].[ProductCategory].[All]</PARENT_UNIQUE_NAME>
                    <HIERARCHY_UNIQUE_NAME>[ProductCategory].[ProductCategory]</HIERARCHY_UNIQUE_NAME>
                    <MEMBER_NAME>Category C</MEMBER_NAME>
                    <MEMBER_KEY>Category C</MEMBER_KEY>
                    <MEMBER_TYPE>1</MEMBER_TYPE>
                    <MEMBER_VALUE>Category C</MEMBER_VALUE>
                    <PARENT_LEVEL>0</PARENT_LEVEL>
                    <PARENT_COUNT>1</PARENT_COUNT>
                    <CHILDREN_CARDINALITY>0</CHILDREN_CARDINALITY>
                  </Member>
                </Tuple>
                <Tuple>
                  <Member Hierarchy="[Region].[Region]">
                    <UName>[Region].[Region].&amp;[North]</UName>
                    <Caption>North</Caption>
                    <LName>[Region].[Region].[Region]</LName>
                    <LNum>1</LNum>
                    <DisplayInfo>3</DisplayInfo>
                    <PARENT_UNIQUE_NAME>[Region].[Region].[All]</PARENT_UNIQUE_NAME>
                    <HIERARCHY_UNIQUE_NAME>[Region].[Region]</HIERARCHY_UNIQUE_NAME>
                    <MEMBER_NAME>North</MEMBER_NAME>
                    <MEMBER_KEY>North</MEMBER_KEY>
                    <MEMBER_TYPE>1</MEMBER_TYPE>
                    <MEMBER_VALUE>North</MEMBER_VALUE>
                    <PARENT_LEVEL>0</PARENT_LEVEL>
                    <PARENT_COUNT>1</PARENT_COUNT>
                    <CHILDREN_CARDINALITY>0</CHILDREN_CARDINALITY>
                  </Member>
                  <Member Hierarchy="[ProductCategory].[ProductCategory]">
                    <UName>[ProductCategory].[ProductCategory].&amp;[Category D]</UName>
                    <Caption>Category D</Caption>
                    <LName>[ProductCategory].[ProductCategory].[ProductCategory]</LName>
                    <LNum>1</LNum>
                    <DisplayInfo>3</DisplayInfo>
                    <PARENT_UNIQUE_NAME>[ProductCategory].[ProductCategory].[All]</PARENT_UNIQUE_NAME>
                    <HIERARCHY_UNIQUE_NAME>[ProductCategory].[ProductCategory]</HIERARCHY_UNIQUE_NAME>
                    <MEMBER_NAME>Category D</MEMBER_NAME>
                    <MEMBER_KEY>Category D</MEMBER_KEY>
                    <MEMBER_TYPE>1</MEMBER_TYPE>
                    <MEMBER_VALUE>Category D</MEMBER_VALUE>
                    <PARENT_LEVEL>0</PARENT_LEVEL>
                    <PARENT_COUNT>1</PARENT_COUNT>
                    <CHILDREN_CARDINALITY>0</CHILDREN_CARDINALITY>
                  </Member>
                </Tuple>
                <Tuple>
                  <Member Hierarchy="[Region].[Region]">
                    <UName>[Region].[Region].&amp;[South]</UName>
                    <Caption>South</Caption>
                    <LName>[Region].[Region].[Region]</LName>
                    <LNum>1</LNum>
                    <DisplayInfo>3</DisplayInfo>
                    <PARENT_UNIQUE_NAME>[Region].[Region].[All]</PARENT_UNIQUE_NAME>
                    <HIERARCHY_UNIQUE_NAME>[Region].[Region]</HIERARCHY_UNIQUE_NAME>
                    <MEMBER_NAME>South</MEMBER_NAME>
                    <MEMBER_KEY>South</MEMBER_KEY>
                    <MEMBER_TYPE>1</MEMBER_TYPE>
                    <MEMBER_VALUE>South</MEMBER_VALUE>
                    <PARENT_LEVEL>0</PARENT_LEVEL>
                    <PARENT_COUNT>1</PARENT_COUNT>
                    <CHILDREN_CARDINALITY>0</CHILDREN_CARDINALITY>
                  </Member>
                  <Member Hierarchy="[ProductCategory].[ProductCategory]">
                    <UName>[ProductCategory].[ProductCategory].&amp;[Category A]</UName>
                    <Caption>Category A</Caption>
                    <LName>[ProductCategory].[ProductCategory].[ProductCategory]</LName>
                    <LNum>1</LNum>
                    <DisplayInfo>3</DisplayInfo>
                    <PARENT_UNIQUE_NAME>[ProductCategory].[ProductCategory].[All]</PARENT_UNIQUE_NAME>
                    <HIERARCHY_UNIQUE_NAME>[ProductCategory].[ProductCategory]</HIERARCHY_UNIQUE_NAME>
                    <MEMBER_NAME>Category A</MEMBER_NAME>
                    <MEMBER_KEY>Category A</MEMBER_KEY>
                    <MEMBER_TYPE>1</MEMBER_TYPE>
                    <MEMBER_VALUE>Category A</MEMBER_VALUE>
                    <PARENT_LEVEL>0</PARENT_LEVEL>
                    <PARENT_COUNT>1</PARENT_COUNT>
                    <CHILDREN_CARDINALITY>0</CHILDREN_CARDINALITY>
                  </Member>
                </Tuple>
                <Tuple>
                  <Member Hierarchy="[Region].[Region]">
                    <UName>[Region].[Region].&amp;[South]</UName>
                    <Caption>South</Caption>
                    <LName>[Region].[Region].[Region]</LName>
                    <LNum>1</LNum>
                    <DisplayInfo>3</DisplayInfo>
                    <PARENT_UNIQUE_NAME>[Region].[Region].[All]</PARENT_UNIQUE_NAME>
                    <HIERARCHY_UNIQUE_NAME>[Region].[Region]</HIERARCHY_UNIQUE_NAME>
                    <MEMBER_NAME>South</MEMBER_NAME>
                    <MEMBER_KEY>South</MEMBER_KEY>
                    <MEMBER_TYPE>1</MEMBER_TYPE>
                    <MEMBER_VALUE>South</MEMBER_VALUE>
                    <PARENT_LEVEL>0</PARENT_LEVEL>
                    <PARENT_COUNT>1</PARENT_COUNT>
                    <CHILDREN_CARDINALITY>0</CHILDREN_CARDINALITY>
                  </Member>
                  <Member Hierarchy="[ProductCategory].[ProductCategory]">
                    <UName>[ProductCategory].[ProductCategory].&amp;[Category B]</UName>
                    <Caption>Category B</Caption>
                    <LName>[ProductCategory].[ProductCategory].[ProductCategory]</LName>
                    <LNum>1</LNum>
                    <DisplayInfo>3</DisplayInfo>
                    <PARENT_UNIQUE_NAME>[ProductCategory].[ProductCategory].[All]</PARENT_UNIQUE_NAME>
                    <HIERARCHY_UNIQUE_NAME>[ProductCategory].[ProductCategory]</HIERARCHY_UNIQUE_NAME>
                    <MEMBER_NAME>Category B</MEMBER_NAME>
                    <MEMBER_KEY>Category B</MEMBER_KEY>
                    <MEMBER_TYPE>1</MEMBER_TYPE>
                    <MEMBER_VALUE>Category B</MEMBER_VALUE>
                    <PARENT_LEVEL>0</PARENT_LEVEL>
                    <PARENT_COUNT>1</PARENT_COUNT>
                    <CHILDREN_CARDINALITY>0</CHILDREN_CARDINALITY>
                  </Member>
                </Tuple>
                <Tuple>
                  <Member Hierarchy="[Region].[Region]">
                    <UName>[Region].[Region].&amp;[South]</UName>
                    <Caption>South</Caption>
                    <LName>[Region].[Region].[Region]</LName>
                    <LNum>1</LNum>
                    <DisplayInfo>3</DisplayInfo>
                    <PARENT_UNIQUE_NAME>[Region].[Region].[All]</PARENT_UNIQUE_NAME>
                    <HIERARCHY_UNIQUE_NAME>[Region].[Region]</HIERARCHY_UNIQUE_NAME>
                    <MEMBER_NAME>South</MEMBER_NAME>
                    <MEMBER_KEY>South</MEMBER_KEY>
                    <MEMBER_TYPE>1</MEMBER_TYPE>
                    <MEMBER_VALUE>South</MEMBER_VALUE>
                    <PARENT_LEVEL>0</PARENT_LEVEL>
                    <PARENT_COUNT>1</PARENT_COUNT>
                    <CHILDREN_CARDINALITY>0</CHILDREN_CARDINALITY>
                  </Member>
                  <Member Hierarchy="[ProductCategory].[ProductCategory]">
                    <UName>[ProductCategory].[ProductCategory].&amp;[Category C]</UName>
                    <Caption>Category C</Caption>
                    <LName>[ProductCategory].[ProductCategory].[ProductCategory]</LName>
                    <LNum>1</LNum>
                    <DisplayInfo>3</DisplayInfo>
                    <PARENT_UNIQUE_NAME>[ProductCategory].[ProductCategory].[All]</PARENT_UNIQUE_NAME>
                    <HIERARCHY_UNIQUE_NAME>[ProductCategory].[ProductCategory]</HIERARCHY_UNIQUE_NAME>
                    <MEMBER_NAME>Category C</MEMBER_NAME>
                    <MEMBER_KEY>Category C</MEMBER_KEY>
                    <MEMBER_TYPE>1</MEMBER_TYPE>
                    <MEMBER_VALUE>Category C</MEMBER_VALUE>
                    <PARENT_LEVEL>0</PARENT_LEVEL>
                    <PARENT_COUNT>1</PARENT_COUNT>
                    <CHILDREN_CARDINALITY>0</CHILDREN_CARDINALITY>
                  </Member>
                </Tuple>
                <Tuple>
                  <Member Hierarchy="[Region].[Region]">
                    <UName>[Region].[Region].&amp;[South]</UName>
                    <Caption>South</Caption>
                    <LName>[Region].[Region].[Region]</LName>
                    <LNum>1</LNum>
                    <DisplayInfo>3</DisplayInfo>
                    <PARENT_UNIQUE_NAME>[Region].[Region].[All]</PARENT_UNIQUE_NAME>
                    <HIERARCHY_UNIQUE_NAME>[Region].[Region]</HIERARCHY_UNIQUE_NAME>
                    <MEMBER_NAME>South</MEMBER_NAME>
                    <MEMBER_KEY>South</MEMBER_KEY>
                    <MEMBER_TYPE>1</MEMBER_TYPE>
                    <MEMBER_VALUE>South</MEMBER_VALUE>
                    <PARENT_LEVEL>0</PARENT_LEVEL>
                    <PARENT_COUNT>1</PARENT_COUNT>
                    <CHILDREN_CARDINALITY>0</CHILDREN_CARDINALITY>
                  </Member>
                  <Member Hierarchy="[ProductCategory].[ProductCategory]">
                    <UName>[ProductCategory].[ProductCategory].&amp;[Category D]</UName>
                    <Caption>Category D</Caption>
                    <LName>[ProductCategory].[ProductCategory].[ProductCategory]</LName>
                    <LNum>1</LNum>
                    <DisplayInfo>3</DisplayInfo>
                    <PARENT_UNIQUE_NAME>[ProductCategory].[ProductCategory].[All]</PARENT_UNIQUE_NAME>
                    <HIERARCHY_UNIQUE_NAME>[ProductCategory].[ProductCategory]</HIERARCHY_UNIQUE_NAME>
                    <MEMBER_NAME>Category D</MEMBER_NAME>
                    <MEMBER_KEY>Category D</MEMBER_KEY>
                    <MEMBER_TYPE>1</MEMBER_TYPE>
                    <MEMBER_VALUE>Category D</MEMBER_VALUE>
                    <PARENT_LEVEL>0</PARENT_LEVEL>
                    <PARENT_COUNT>1</PARENT_COUNT>
                    <CHILDREN_CARDINALITY>0</CHILDREN_CARDINALITY>
                  </Member>
                </Tuple>
              </Tuples>
            </Axis>
            <Axis name="SlicerAxis">
              <Tuples>
                <Tuple>
                  <Member Hierarchy="[Measures]">
                    <UName>[Measures].[Total Sales]</UName>
                    <Caption>Total Sales (SEK)</Caption>
                    <LName>[Measures].[MeasuresLevel]</LName>
                    <LNum>0</LNum>
                    <DisplayInfo>131072</DisplayInfo>
                  </Member>
                </Tuple>
              </Tuples>
            </Axis>
          </Axes>
          <CellData>
            <Cell CellOrdinal="0">
              <Value xsi:type="xsd:double">100000</Value>
              <FormatString>#,##0.00 SEK</FormatString>
              <BackColor></BackColor>
              <ForeColor></ForeColor>
            </Cell>
            <Cell CellOrdinal="1">
              <Value xsi:type="xsd:double">150000</Value>
              <FormatString>#,##0.00 SEK</FormatString>
              <BackColor></BackColor>
              <ForeColor></ForeColor>
            </Cell>
            <Cell CellOrdinal="2">
              <Value xsi:type="xsd:double">200000</Value>
              <FormatString>#,##0.00 SEK</FormatString>
              <BackColor></BackColor>
              <ForeColor></ForeColor>
            </Cell>
            <Cell CellOrdinal="3">
              <Value xsi:type="xsd:double">200000</Value>
              <FormatString>#,##0.00 SEK</FormatString>
              <BackColor></BackColor>
              <ForeColor></ForeColor>
            </Cell>
            <Cell CellOrdinal="4">
              <Value xsi:type="xsd:double">200000</Value>
              <FormatString>#,##0.00 SEK</FormatString>
              <BackColor></BackColor>
              <ForeColor></ForeColor>
            </Cell>
            <Cell CellOrdinal="5">
              <Value xsi:type="xsd:double">100000</Value>
              <FormatString>#,##0.00 SEK</FormatString>
              <BackColor></BackColor>
              <ForeColor></ForeColor>
            </Cell>
            <Cell CellOrdinal="6">
              <Value xsi:type="xsd:double">200000</Value>
              <FormatString>#,##0.00 SEK</FormatString>
              <BackColor></BackColor>
              <ForeColor></ForeColor>
            </Cell>
            <Cell CellOrdinal="7">
              <Value xsi:type="xsd:double">100500.5</Value>
              <FormatString>#,##0.00 SEK</FormatString>
              <BackColor></BackColor>
              <ForeColor></ForeColor>
            </Cell>
          </CellData>
        </root>
      </return>
    </ExecuteResponse>
  </soap:Body>
</soap:Envelope>
===== EXECUTE REQUEST =====
MDX: SELECT {AddCalculatedMembers({[Region].[Region].[Region].Members})} DIMENSION PROPERTIES MEMBER_TYPE ON COLUMNS FROM [Model] CELL PROPERTIES CELL_ORDINAL
REQUEST XML:
<soap:Envelope xmlns:soap="http://schemas.xmlsoap.org/soap/envelope/"><soap:Header><Session xmlns="urn:schemas-microsoft-com:xml-analysis" SessionId="RUST-SESSION-456"/></soap:Header><soap:Body><Execute xmlns="urn:schemas-microsoft-com:xml-analysis"><Command><Statement>SELECT {AddCalculatedMembers({[Region].[Region].[Region].Members})} DIMENSION PROPERTIES MEMBER_TYPE ON COLUMNS FROM [Model] CELL PROPERTIES CELL_ORDINAL</Statement></Command><Properties><PropertyList><Catalog>KTH_KEX_MALLOY_CUBE</Catalog><Timeout>0</Timeout><Format>Native</Format><DbpropMsmdFlattened2>false</DbpropMsmdFlattened2><SspropInitAppName>Excel</SspropInitAppName><SafetyOptions>2</SafetyOptions><Dialect>MDX</Dialect><ClientProcessID>10980</ClientProcessID><MdxMissingMemberMode>Error</MdxMissingMemberMode><DbpropMsmdOptimizeResponse>9</DbpropMsmdOptimizeResponse><DbpropMsmdActivityID>A4BBEEB6-1DB9-4A9A-9A65-4105122C7559</DbpropMsmdActivityID><DbpropMsmdRequestID>270AAF27-713C-4FCD-973E-0563805B42BE</DbpropMsmdRequestID><DbpropMsmdCurrentActivityID>A4BBEEB6-1DB9-4A9A-9A65-4105122C7559</DbpropMsmdCurrentActivityID><LocaleIdentifier>1033</LocaleIdentifier><DbpropMsmdMDXCompatibility>1</DbpropMsmdMDXCompatibility><DbpropMsmdSubqueries>2</DbpropMsmdSubqueries></PropertyList></Properties></Execute></soap:Body></soap:Envelope>
RESPONSE XML:
<soap:Envelope xmlns:soap="http://schemas.xmlsoap.org/soap/envelope/">
  <soap:Header>
    <Session xmlns="urn:schemas-microsoft-com:xml-analysis" SessionId="RUST-SESSION-456" />
  </soap:Header>
  <soap:Body>
    <ExecuteResponse xmlns="urn:schemas-microsoft-com:xml-analysis">
      <return>
        <root xmlns="urn:schemas-microsoft-com:xml-analysis:mddataset"
              xmlns:xsi="http://www.w3.org/2001/XMLSchema-instance"
              xmlns:xsd="http://www.w3.org/2001/XMLSchema">
          <xsd:schema targetNamespace="urn:schemas-microsoft-com:xml-analysis:mddataset"
                       elementFormDefault="qualified"
                       xmlns="urn:schemas-microsoft-com:xml-analysis:mddataset">
            <xsd:element name="root">
              <xsd:complexType>
                <xsd:sequence>
                  <xsd:any namespace="http://www.w3.org/2001/XMLSchema"
                           processContents="strict" minOccurs="0"/>
                  <xsd:element name="OlapInfo" minOccurs="0"/>
                  <xsd:element name="Axes" minOccurs="0"/>
                  <xsd:element name="CellData" minOccurs="0"/>
                </xsd:sequence>
              </xsd:complexType>
            </xsd:element>
          </xsd:schema>
          <OlapInfo>
            <CubeInfo>
              <Cube>
                <CubeName>Model</CubeName>
              </Cube>
            </CubeInfo>
            <AxesInfo>
              <AxisInfo name="Axis0">
                <HierarchyInfo name="[Region].[Region]">
                  <UName name="[Region].[Region].[MEMBER_UNIQUE_NAME]" type="xsd:string"/>
                  <Caption name="[Region].[Region].[MEMBER_CAPTION]" type="xsd:string"/>
                  <LName name="[Region].[Region].[LEVEL_UNIQUE_NAME]" type="xsd:string"/>
                  <LNum name="[Region].[Region].[LEVEL_NUMBER]" type="xsd:int"/>
                  <DisplayInfo name="[Region].[Region].[DISPLAY_INFO]" type="xsd:unsignedInt"/>
                  <MEMBER_TYPE name="[Region].[Region].[MEMBER_TYPE]" type="xsd:int"/>
                </HierarchyInfo>
              </AxisInfo>
              <AxisInfo name="SlicerAxis">
                <HierarchyInfo name="[Measures]">
                  <UName name="[Measures].[MEMBER_UNIQUE_NAME]" type="xsd:string"/>
                  <Caption name="[Measures].[MEMBER_CAPTION]" type="xsd:string"/>
                  <LName name="[Measures].[LEVEL_UNIQUE_NAME]" type="xsd:string"/>
                  <LNum name="[Measures].[LEVEL_NUMBER]" type="xsd:int"/>
                  <DisplayInfo name="[Measures].[DISPLAY_INFO]" type="xsd:unsignedInt"/>
                </HierarchyInfo>
                <HierarchyInfo name="[ProductCategory].[ProductCategory]">
                  <UName name="[ProductCategory].[ProductCategory].[MEMBER_UNIQUE_NAME]" type="xsd:string"/>
                  <Caption name="[ProductCategory].[ProductCategory].[MEMBER_CAPTION]" type="xsd:string"/>
                  <LName name="[ProductCategory].[ProductCategory].[LEVEL_UNIQUE_NAME]" type="xsd:string"/>
                  <LNum name="[ProductCategory].[ProductCategory].[LEVEL_NUMBER]" type="xsd:int"/>
                  <DisplayInfo name="[ProductCategory].[ProductCategory].[DISPLAY_INFO]" type="xsd:unsignedInt"/>
                </HierarchyInfo>
              </AxisInfo>
            </AxesInfo>
            <CellInfo>
            </CellInfo>
          </OlapInfo>
          <Axes>
            <Axis name="Axis0">
              <Tuples>
                <Tuple>
                  <Member Hierarchy="[Region].[Region]">
                    <UName>[Region].[Region].&amp;[North]</UName>
                    <Caption>North</Caption>
                    <LName>[Region].[Region].[Region]</LName>
                    <LNum>1</LNum>
                    <DisplayInfo>3</DisplayInfo>
                    <MEMBER_TYPE>1</MEMBER_TYPE>
                  </Member>
                </Tuple>
                <Tuple>
                  <Member Hierarchy="[Region].[Region]">
                    <UName>[Region].[Region].&amp;[South]</UName>
                    <Caption>South</Caption>
                    <LName>[Region].[Region].[Region]</LName>
                    <LNum>1</LNum>
                    <DisplayInfo>3</DisplayInfo>
                    <MEMBER_TYPE>1</MEMBER_TYPE>
                  </Member>
                </Tuple>
              </Tuples>
            </Axis>
            <Axis name="SlicerAxis">
              <Tuples>
                <Tuple>
                  <Member Hierarchy="[Measures]">
                    <UName>[Measures].[Total Sales]</UName>
                    <Caption>Total Sales (SEK)</Caption>
                    <LName>[Measures].[MeasuresLevel]</LName>
                    <LNum>0</LNum>
                    <DisplayInfo>131072</DisplayInfo>
                  </Member>
                  <Member Hierarchy="[ProductCategory].[ProductCategory]">
                    <UName>[ProductCategory].[ProductCategory].[All]</UName>
                    <Caption>All</Caption>
                    <LName>[ProductCategory].[ProductCategory].[(All)]</LName>
                    <LNum>0</LNum>
                    <DisplayInfo>5</DisplayInfo>
                  </Member>
                </Tuple>
              </Tuples>
            </Axis>
          </Axes>
          <CellData>
            <Cell CellOrdinal="0">
            </Cell>
            <Cell CellOrdinal="1">
            </Cell>
          </CellData>
        </root>
      </return>
    </ExecuteResponse>
  </soap:Body>
</soap:Envelope>
===== EXECUTE REQUEST =====
MDX: SELECT {AddCalculatedMembers({[Region].[Region].&[North].Children})} DIMENSION PROPERTIES MEMBER_TYPE ON COLUMNS FROM [Model] CELL PROPERTIES CELL_ORDINAL
REQUEST XML:
<soap:Envelope xmlns:soap="http://schemas.xmlsoap.org/soap/envelope/"><soap:Header><Session xmlns="urn:schemas-microsoft-com:xml-analysis" SessionId="RUST-SESSION-456"/></soap:Header><soap:Body><Execute xmlns="urn:schemas-microsoft-com:xml-analysis"><Command><Statement>SELECT {AddCalculatedMembers({[Region].[Region].&amp;[North].Children})} DIMENSION PROPERTIES MEMBER_TYPE ON COLUMNS FROM [Model] CELL PROPERTIES CELL_ORDINAL</Statement></Command><Properties><PropertyList><Catalog>KTH_KEX_MALLOY_CUBE</Catalog><Timeout>0</Timeout><Format>Native</Format><DbpropMsmdFlattened2>false</DbpropMsmdFlattened2><SspropInitAppName>Excel</SspropInitAppName><SafetyOptions>2</SafetyOptions><Dialect>MDX</Dialect><ClientProcessID>10980</ClientProcessID><MdxMissingMemberMode>Error</MdxMissingMemberMode><DbpropMsmdOptimizeResponse>9</DbpropMsmdOptimizeResponse><DbpropMsmdActivityID>A4BBEEB6-1DB9-4A9A-9A65-4105122C7559</DbpropMsmdActivityID><DbpropMsmdRequestID>7BDDE269-2A58-4C01-85DF-B22184345A5B</DbpropMsmdRequestID><DbpropMsmdCurrentActivityID>A4BBEEB6-1DB9-4A9A-9A65-4105122C7559</DbpropMsmdCurrentActivityID><LocaleIdentifier>1033</LocaleIdentifier><DbpropMsmdMDXCompatibility>1</DbpropMsmdMDXCompatibility><DbpropMsmdSubqueries>2</DbpropMsmdSubqueries></PropertyList></Properties></Execute></soap:Body></soap:Envelope>
RESPONSE XML:
<soap:Envelope xmlns:soap="http://schemas.xmlsoap.org/soap/envelope/">
  <soap:Header>
    <Session xmlns="urn:schemas-microsoft-com:xml-analysis" SessionId="RUST-SESSION-456" />
  </soap:Header>
  <soap:Body>
    <ExecuteResponse xmlns="urn:schemas-microsoft-com:xml-analysis">
      <return>
        <root xmlns="urn:schemas-microsoft-com:xml-analysis:mddataset"
              xmlns:xsi="http://www.w3.org/2001/XMLSchema-instance"
              xmlns:xsd="http://www.w3.org/2001/XMLSchema">
          <xsd:schema targetNamespace="urn:schemas-microsoft-com:xml-analysis:mddataset"
                       elementFormDefault="qualified"
                       xmlns="urn:schemas-microsoft-com:xml-analysis:mddataset">
            <xsd:element name="root">
              <xsd:complexType>
                <xsd:sequence>
                  <xsd:any namespace="http://www.w3.org/2001/XMLSchema"
                           processContents="strict" minOccurs="0"/>
                  <xsd:element name="OlapInfo" minOccurs="0"/>
                  <xsd:element name="Axes" minOccurs="0"/>
                  <xsd:element name="CellData" minOccurs="0"/>
                </xsd:sequence>
              </xsd:complexType>
            </xsd:element>
          </xsd:schema>
          <OlapInfo>
            <CubeInfo>
              <Cube>
                <CubeName>Model</CubeName>
              </Cube>
            </CubeInfo>
            <AxesInfo>
              <AxisInfo name="Axis0">
                <HierarchyInfo name="[Region].[Region]">
                  <UName name="[Region].[Region].[MEMBER_UNIQUE_NAME]" type="xsd:string"/>
                  <Caption name="[Region].[Region].[MEMBER_CAPTION]" type="xsd:string"/>
                  <LName name="[Region].[Region].[LEVEL_UNIQUE_NAME]" type="xsd:string"/>
                  <LNum name="[Region].[Region].[LEVEL_NUMBER]" type="xsd:int"/>
                  <DisplayInfo name="[Region].[Region].[DISPLAY_INFO]" type="xsd:unsignedInt"/>
                  <MEMBER_TYPE name="[Region].[Region].[MEMBER_TYPE]" type="xsd:int"/>
                </HierarchyInfo>
              </AxisInfo>
              <AxisInfo name="SlicerAxis">
                <HierarchyInfo name="[Measures]">
                  <UName name="[Measures].[MEMBER_UNIQUE_NAME]" type="xsd:string"/>
                  <Caption name="[Measures].[MEMBER_CAPTION]" type="xsd:string"/>
                  <LName name="[Measures].[LEVEL_UNIQUE_NAME]" type="xsd:string"/>
                  <LNum name="[Measures].[LEVEL_NUMBER]" type="xsd:int"/>
                  <DisplayInfo name="[Measures].[DISPLAY_INFO]" type="xsd:unsignedInt"/>
                </HierarchyInfo>
                <HierarchyInfo name="[ProductCategory].[ProductCategory]">
                  <UName name="[ProductCategory].[ProductCategory].[MEMBER_UNIQUE_NAME]" type="xsd:string"/>
                  <Caption name="[ProductCategory].[ProductCategory].[MEMBER_CAPTION]" type="xsd:string"/>
                  <LName name="[ProductCategory].[ProductCategory].[LEVEL_UNIQUE_NAME]" type="xsd:string"/>
                  <LNum name="[ProductCategory].[ProductCategory].[LEVEL_NUMBER]" type="xsd:int"/>
                  <DisplayInfo name="[ProductCategory].[ProductCategory].[DISPLAY_INFO]" type="xsd:unsignedInt"/>
                </HierarchyInfo>
              </AxisInfo>
            </AxesInfo>
            <CellInfo>
            </CellInfo>
          </OlapInfo>
          <Axes>
            <Axis name="Axis0">
              <Tuples>
              </Tuples>
            </Axis>
            <Axis name="SlicerAxis">
              <Tuples>
                <Tuple>
                  <Member Hierarchy="[Measures]">
                    <UName>[Measures].[Total Sales]</UName>
                    <Caption>Total Sales (SEK)</Caption>
                    <LName>[Measures].[MeasuresLevel]</LName>
                    <LNum>0</LNum>
                    <DisplayInfo>131072</DisplayInfo>
                  </Member>
                  <Member Hierarchy="[ProductCategory].[ProductCategory]">
                    <UName>[ProductCategory].[ProductCategory].[All]</UName>
                    <Caption>All</Caption>
                    <LName>[ProductCategory].[ProductCategory].[(All)]</LName>
                    <LNum>0</LNum>
                    <DisplayInfo>5</DisplayInfo>
                  </Member>
                </Tuple>
              </Tuples>
            </Axis>
          </Axes>
          <CellData>
          </CellData>
        </root>
      </return>
    </ExecuteResponse>
  </soap:Body>
</soap:Envelope>
===== EXECUTE REQUEST =====
MDX: SELECT NON EMPTY CrossJoin(Hierarchize({DrilldownLevel({[Region].[Region].[All]},,,INCLUDE_CALC_MEMBERS)}), Hierarchize({DrilldownLevel({[ProductCategory].[ProductCategory].[All]},,,INCLUDE_CALC_MEMBERS)})) DIMENSION PROPERTIES PARENT_UNIQUE_NAME,HIERARCHY_UNIQUE_NAME,[Region].[Region].[Region]MEMBER_CAPTION,[Region].[Region].[Region]MEMBER_NAME,[Region].[Region].[Region]MEMBER_UNIQUE_NAME,[Region].[Region].[Region]MEMBER_KEY,[Region].[Region].[Region]MEMBER_TYPE,[Region].[Region].[Region]MEMBER_VALUE,[Region].[Region].[Region]LEVEL_NUMBER,[Region].[Region].[Region]LEVEL_UNIQUE_NAME,[Region].[Region].[Region]PARENT_LEVEL,[Region].[Region].[Region]PARENT_UNIQUE_NAME,[Region].[Region].[Region]PARENT_COUNT,[Region].[Region].[Region]CHILDREN_CARDINALITY,[ProductCategory].[ProductCategory].[ProductCategory]MEMBER_CAPTION,[ProductCategory].[ProductCategory].[ProductCategory]MEMBER_NAME,[ProductCategory].[ProductCategory].[ProductCategory]MEMBER_UNIQUE_NAME,[ProductCategory].[ProductCategory].[ProductCategory]MEMBER_KEY,[ProductCategory].[ProductCategory].[ProductCategory]MEMBER_TYPE,[ProductCategory].[ProductCategory].[ProductCategory]MEMBER_VALUE,[ProductCategory].[ProductCategory].[ProductCategory]LEVEL_NUMBER,[ProductCategory].[ProductCategory].[ProductCategory]LEVEL_UNIQUE_NAME,[ProductCategory].[ProductCategory].[ProductCategory]PARENT_LEVEL,[ProductCategory].[ProductCategory].[ProductCategory]PARENT_UNIQUE_NAME,[ProductCategory].[ProductCategory].[ProductCategory]PARENT_COUNT,[ProductCategory].[ProductCategory].[ProductCategory]CHILDREN_CARDINALITY ON COLUMNS  FROM (SELECT ({[Region].[Region].&[North]}) ON COLUMNS  FROM [Model]) WHERE ([Measures].[Total Sales]) CELL PROPERTIES VALUE, FORMAT_STRING, BACK_COLOR, FORE_COLOR
REQUEST XML:
<soap:Envelope xmlns:soap="http://schemas.xmlsoap.org/soap/envelope/"><soap:Header><Session xmlns="urn:schemas-microsoft-com:xml-analysis" SessionId="RUST-SESSION-456"/></soap:Header><soap:Body><Execute xmlns="urn:schemas-microsoft-com:xml-analysis"><Command><Statement>SELECT NON EMPTY CrossJoin(Hierarchize({DrilldownLevel({[Region].[Region].[All]},,,INCLUDE_CALC_MEMBERS)}), Hierarchize({DrilldownLevel({[ProductCategory].[ProductCategory].[All]},,,INCLUDE_CALC_MEMBERS)})) DIMENSION PROPERTIES PARENT_UNIQUE_NAME,HIERARCHY_UNIQUE_NAME,[Region].[Region].[Region]MEMBER_CAPTION,[Region].[Region].[Region]MEMBER_NAME,[Region].[Region].[Region]MEMBER_UNIQUE_NAME,[Region].[Region].[Region]MEMBER_KEY,[Region].[Region].[Region]MEMBER_TYPE,[Region].[Region].[Region]MEMBER_VALUE,[Region].[Region].[Region]LEVEL_NUMBER,[Region].[Region].[Region]LEVEL_UNIQUE_NAME,[Region].[Region].[Region]PARENT_LEVEL,[Region].[Region].[Region]PARENT_UNIQUE_NAME,[Region].[Region].[Region]PARENT_COUNT,[Region].[Region].[Region]CHILDREN_CARDINALITY,[ProductCategory].[ProductCategory].[ProductCategory]MEMBER_CAPTION,[ProductCategory].[ProductCategory].[ProductCategory]MEMBER_NAME,[ProductCategory].[ProductCategory].[ProductCategory]MEMBER_UNIQUE_NAME,[ProductCategory].[ProductCategory].[ProductCategory]MEMBER_KEY,[ProductCategory].[ProductCategory].[ProductCategory]MEMBER_TYPE,[ProductCategory].[ProductCategory].[ProductCategory]MEMBER_VALUE,[ProductCategory].[ProductCategory].[ProductCategory]LEVEL_NUMBER,[ProductCategory].[ProductCategory].[ProductCategory]LEVEL_UNIQUE_NAME,[ProductCategory].[ProductCategory].[ProductCategory]PARENT_LEVEL,[ProductCategory].[ProductCategory].[ProductCategory]PARENT_UNIQUE_NAME,[ProductCategory].[ProductCategory].[ProductCategory]PARENT_COUNT,[ProductCategory].[ProductCategory].[ProductCategory]CHILDREN_CARDINALITY ON COLUMNS  FROM (SELECT ({[Region].[Region].&amp;[North]}) ON COLUMNS  FROM [Model]) WHERE ([Measures].[Total Sales]) CELL PROPERTIES VALUE, FORMAT_STRING, BACK_COLOR, FORE_COLOR</Statement></Command><Properties><PropertyList><Catalog>KTH_KEX_MALLOY_CUBE</Catalog><Timeout>0</Timeout><Format>Native</Format><DbpropMsmdFlattened2>false</DbpropMsmdFlattened2><SspropInitAppName>Excel</SspropInitAppName><SafetyOptions>2</SafetyOptions><Dialect>MDX</Dialect><ClientProcessID>10980</ClientProcessID><MdxMissingMemberMode>Error</MdxMissingMemberMode><DbpropMsmdOptimizeResponse>9</DbpropMsmdOptimizeResponse><DbpropMsmdActivityID>A4BBEEB6-1DB9-4A9A-9A65-4105122C7559</DbpropMsmdActivityID><DbpropMsmdRequestID>31EAAAE0-5191-4968-935C-E7B64C0B1CAA</DbpropMsmdRequestID><DbpropMsmdCurrentActivityID>A4BBEEB6-1DB9-4A9A-9A65-4105122C7559</DbpropMsmdCurrentActivityID><LocaleIdentifier>1033</LocaleIdentifier><DbpropMsmdMDXCompatibility>1</DbpropMsmdMDXCompatibility><DbpropMsmdSubqueries>2</DbpropMsmdSubqueries></PropertyList></Properties></Execute></soap:Body></soap:Envelope>
RESPONSE XML:
<soap:Envelope xmlns:soap="http://schemas.xmlsoap.org/soap/envelope/">
  <soap:Header>
    <Session xmlns="urn:schemas-microsoft-com:xml-analysis" SessionId="RUST-SESSION-456" />
  </soap:Header>
  <soap:Body>
    <ExecuteResponse xmlns="urn:schemas-microsoft-com:xml-analysis">
      <return>
        <root xmlns="urn:schemas-microsoft-com:xml-analysis:mddataset"
              xmlns:xsi="http://www.w3.org/2001/XMLSchema-instance"
              xmlns:xsd="http://www.w3.org/2001/XMLSchema">
          <xsd:schema targetNamespace="urn:schemas-microsoft-com:xml-analysis:mddataset"
                       elementFormDefault="qualified"
                       xmlns="urn:schemas-microsoft-com:xml-analysis:mddataset">
            <xsd:element name="root">
              <xsd:complexType>
                <xsd:sequence>
                  <xsd:any namespace="http://www.w3.org/2001/XMLSchema"
                           processContents="strict" minOccurs="0"/>
                  <xsd:element name="OlapInfo" minOccurs="0"/>
                  <xsd:element name="Axes" minOccurs="0"/>
                  <xsd:element name="CellData" minOccurs="0"/>
                </xsd:sequence>
              </xsd:complexType>
            </xsd:element>
          </xsd:schema>
          <OlapInfo>
            <CubeInfo>
              <Cube>
                <CubeName>Model</CubeName>
              </Cube>
            </CubeInfo>
            <AxesInfo>
              <AxisInfo name="Axis0">
                <HierarchyInfo name="[Region].[Region]">
                  <UName name="[Region].[Region].[MEMBER_UNIQUE_NAME]" type="xsd:string"/>
                  <Caption name="[Region].[Region].[MEMBER_CAPTION]" type="xsd:string"/>
                  <LName name="[Region].[Region].[LEVEL_UNIQUE_NAME]" type="xsd:string"/>
                  <LNum name="[Region].[Region].[LEVEL_NUMBER]" type="xsd:int"/>
                  <DisplayInfo name="[Region].[Region].[DISPLAY_INFO]" type="xsd:unsignedInt"/>
                  <PARENT_UNIQUE_NAME name="[Region].[Region].[PARENT_UNIQUE_NAME]" type="xsd:string"/>
                  <HIERARCHY_UNIQUE_NAME name="[Region].[Region].[HIERARCHY_UNIQUE_NAME]" type="xsd:string"/>
                  <MEMBER_NAME name="[Region].[Region].[MEMBER_NAME]" type="xsd:string"/>
                  <MEMBER_KEY name="[Region].[Region].[MEMBER_KEY]" type="xsd:string"/>
                  <MEMBER_TYPE name="[Region].[Region].[MEMBER_TYPE]" type="xsd:int"/>
                  <MEMBER_VALUE name="[Region].[Region].[MEMBER_VALUE]" type="xsd:string"/>
                  <PARENT_LEVEL name="[Region].[Region].[PARENT_LEVEL]" type="xsd:int"/>
                  <PARENT_COUNT name="[Region].[Region].[PARENT_COUNT]" type="xsd:int"/>
                  <CHILDREN_CARDINALITY name="[Region].[Region].[CHILDREN_CARDINALITY]" type="xsd:unsignedInt"/>
                </HierarchyInfo>
                <HierarchyInfo name="[ProductCategory].[ProductCategory]">
                  <UName name="[ProductCategory].[ProductCategory].[MEMBER_UNIQUE_NAME]" type="xsd:string"/>
                  <Caption name="[ProductCategory].[ProductCategory].[MEMBER_CAPTION]" type="xsd:string"/>
                  <LName name="[ProductCategory].[ProductCategory].[LEVEL_UNIQUE_NAME]" type="xsd:string"/>
                  <LNum name="[ProductCategory].[ProductCategory].[LEVEL_NUMBER]" type="xsd:int"/>
                  <DisplayInfo name="[ProductCategory].[ProductCategory].[DISPLAY_INFO]" type="xsd:unsignedInt"/>
                  <PARENT_UNIQUE_NAME name="[ProductCategory].[ProductCategory].[PARENT_UNIQUE_NAME]" type="xsd:string"/>
                  <HIERARCHY_UNIQUE_NAME name="[ProductCategory].[ProductCategory].[HIERARCHY_UNIQUE_NAME]" type="xsd:string"/>
                  <MEMBER_NAME name="[ProductCategory].[ProductCategory].[MEMBER_NAME]" type="xsd:string"/>
                  <MEMBER_KEY name="[ProductCategory].[ProductCategory].[MEMBER_KEY]" type="xsd:string"/>
                  <MEMBER_TYPE name="[ProductCategory].[ProductCategory].[MEMBER_TYPE]" type="xsd:int"/>
                  <MEMBER_VALUE name="[ProductCategory].[ProductCategory].[MEMBER_VALUE]" type="xsd:string"/>
                  <PARENT_LEVEL name="[ProductCategory].[ProductCategory].[PARENT_LEVEL]" type="xsd:int"/>
                  <PARENT_COUNT name="[ProductCategory].[ProductCategory].[PARENT_COUNT]" type="xsd:int"/>
                  <CHILDREN_CARDINALITY name="[ProductCategory].[ProductCategory].[CHILDREN_CARDINALITY]" type="xsd:unsignedInt"/>
                </HierarchyInfo>
              </AxisInfo>
              <AxisInfo name="SlicerAxis">
                <HierarchyInfo name="[Measures]">
                  <UName name="[Measures].[MEMBER_UNIQUE_NAME]" type="xsd:string"/>
                  <Caption name="[Measures].[MEMBER_CAPTION]" type="xsd:string"/>
                  <LName name="[Measures].[LEVEL_UNIQUE_NAME]" type="xsd:string"/>
                  <LNum name="[Measures].[LEVEL_NUMBER]" type="xsd:int"/>
                  <DisplayInfo name="[Measures].[DISPLAY_INFO]" type="xsd:unsignedInt"/>
                </HierarchyInfo>
              </AxisInfo>
            </AxesInfo>
            <CellInfo>
              <Value name="VALUE"/>
              <FormatString name="FORMAT_STRING" type="xsd:string"/>
              <BackColor name="BACK_COLOR" type="xsd:string"/>
              <ForeColor name="FORE_COLOR" type="xsd:string"/>
            </CellInfo>
          </OlapInfo>
          <Axes>
            <Axis name="Axis0">
              <Tuples>
                <Tuple>
                  <Member Hierarchy="[Region].[Region]">
                    <UName>[Region].[Region].&amp;[North]</UName>
                    <Caption>North</Caption>
                    <LName>[Region].[Region].[Region]</LName>
                    <LNum>1</LNum>
                    <DisplayInfo>3</DisplayInfo>
                    <PARENT_UNIQUE_NAME>[Region].[Region].[All]</PARENT_UNIQUE_NAME>
                    <HIERARCHY_UNIQUE_NAME>[Region].[Region]</HIERARCHY_UNIQUE_NAME>
                    <MEMBER_NAME>North</MEMBER_NAME>
                    <MEMBER_KEY>North</MEMBER_KEY>
                    <MEMBER_TYPE>1</MEMBER_TYPE>
                    <MEMBER_VALUE>North</MEMBER_VALUE>
                    <PARENT_LEVEL>0</PARENT_LEVEL>
                    <PARENT_COUNT>1</PARENT_COUNT>
                    <CHILDREN_CARDINALITY>0</CHILDREN_CARDINALITY>
                  </Member>
                  <Member Hierarchy="[ProductCategory].[ProductCategory]">
                    <UName>[ProductCategory].[ProductCategory].&amp;[Category A]</UName>
                    <Caption>Category A</Caption>
                    <LName>[ProductCategory].[ProductCategory].[ProductCategory]</LName>
                    <LNum>1</LNum>
                    <DisplayInfo>3</DisplayInfo>
                    <PARENT_UNIQUE_NAME>[ProductCategory].[ProductCategory].[All]</PARENT_UNIQUE_NAME>
                    <HIERARCHY_UNIQUE_NAME>[ProductCategory].[ProductCategory]</HIERARCHY_UNIQUE_NAME>
                    <MEMBER_NAME>Category A</MEMBER_NAME>
                    <MEMBER_KEY>Category A</MEMBER_KEY>
                    <MEMBER_TYPE>1</MEMBER_TYPE>
                    <MEMBER_VALUE>Category A</MEMBER_VALUE>
                    <PARENT_LEVEL>0</PARENT_LEVEL>
                    <PARENT_COUNT>1</PARENT_COUNT>
                    <CHILDREN_CARDINALITY>0</CHILDREN_CARDINALITY>
                  </Member>
                </Tuple>
                <Tuple>
                  <Member Hierarchy="[Region].[Region]">
                    <UName>[Region].[Region].&amp;[North]</UName>
                    <Caption>North</Caption>
                    <LName>[Region].[Region].[Region]</LName>
                    <LNum>1</LNum>
                    <DisplayInfo>3</DisplayInfo>
                    <PARENT_UNIQUE_NAME>[Region].[Region].[All]</PARENT_UNIQUE_NAME>
                    <HIERARCHY_UNIQUE_NAME>[Region].[Region]</HIERARCHY_UNIQUE_NAME>
                    <MEMBER_NAME>North</MEMBER_NAME>
                    <MEMBER_KEY>North</MEMBER_KEY>
                    <MEMBER_TYPE>1</MEMBER_TYPE>
                    <MEMBER_VALUE>North</MEMBER_VALUE>
                    <PARENT_LEVEL>0</PARENT_LEVEL>
                    <PARENT_COUNT>1</PARENT_COUNT>
                    <CHILDREN_CARDINALITY>0</CHILDREN_CARDINALITY>
                  </Member>
                  <Member Hierarchy="[ProductCategory].[ProductCategory]">
                    <UName>[ProductCategory].[ProductCategory].&amp;[Category B]</UName>
                    <Caption>Category B</Caption>
                    <LName>[ProductCategory].[ProductCategory].[ProductCategory]</LName>
                    <LNum>1</LNum>
                    <DisplayInfo>3</DisplayInfo>
                    <PARENT_UNIQUE_NAME>[ProductCategory].[ProductCategory].[All]</PARENT_UNIQUE_NAME>
                    <HIERARCHY_UNIQUE_NAME>[ProductCategory].[ProductCategory]</HIERARCHY_UNIQUE_NAME>
                    <MEMBER_NAME>Category B</MEMBER_NAME>
                    <MEMBER_KEY>Category B</MEMBER_KEY>
                    <MEMBER_TYPE>1</MEMBER_TYPE>
                    <MEMBER_VALUE>Category B</MEMBER_VALUE>
                    <PARENT_LEVEL>0</PARENT_LEVEL>
                    <PARENT_COUNT>1</PARENT_COUNT>
                    <CHILDREN_CARDINALITY>0</CHILDREN_CARDINALITY>
                  </Member>
                </Tuple>
                <Tuple>
                  <Member Hierarchy="[Region].[Region]">
                    <UName>[Region].[Region].&amp;[North]</UName>
                    <Caption>North</Caption>
                    <LName>[Region].[Region].[Region]</LName>
                    <LNum>1</LNum>
                    <DisplayInfo>3</DisplayInfo>
                    <PARENT_UNIQUE_NAME>[Region].[Region].[All]</PARENT_UNIQUE_NAME>
                    <HIERARCHY_UNIQUE_NAME>[Region].[Region]</HIERARCHY_UNIQUE_NAME>
                    <MEMBER_NAME>North</MEMBER_NAME>
                    <MEMBER_KEY>North</MEMBER_KEY>
                    <MEMBER_TYPE>1</MEMBER_TYPE>
                    <MEMBER_VALUE>North</MEMBER_VALUE>
                    <PARENT_LEVEL>0</PARENT_LEVEL>
                    <PARENT_COUNT>1</PARENT_COUNT>
                    <CHILDREN_CARDINALITY>0</CHILDREN_CARDINALITY>
                  </Member>
                  <Member Hierarchy="[ProductCategory].[ProductCategory]">
                    <UName>[ProductCategory].[ProductCategory].&amp;[Category C]</UName>
                    <Caption>Category C</Caption>
                    <LName>[ProductCategory].[ProductCategory].[ProductCategory]</LName>
                    <LNum>1</LNum>
                    <DisplayInfo>3</DisplayInfo>
                    <PARENT_UNIQUE_NAME>[ProductCategory].[ProductCategory].[All]</PARENT_UNIQUE_NAME>
                    <HIERARCHY_UNIQUE_NAME>[ProductCategory].[ProductCategory]</HIERARCHY_UNIQUE_NAME>
                    <MEMBER_NAME>Category C</MEMBER_NAME>
                    <MEMBER_KEY>Category C</MEMBER_KEY>
                    <MEMBER_TYPE>1</MEMBER_TYPE>
                    <MEMBER_VALUE>Category C</MEMBER_VALUE>
                    <PARENT_LEVEL>0</PARENT_LEVEL>
                    <PARENT_COUNT>1</PARENT_COUNT>
                    <CHILDREN_CARDINALITY>0</CHILDREN_CARDINALITY>
                  </Member>
                </Tuple>
                <Tuple>
                  <Member Hierarchy="[Region].[Region]">
                    <UName>[Region].[Region].&amp;[North]</UName>
                    <Caption>North</Caption>
                    <LName>[Region].[Region].[Region]</LName>
                    <LNum>1</LNum>
                    <DisplayInfo>3</DisplayInfo>
                    <PARENT_UNIQUE_NAME>[Region].[Region].[All]</PARENT_UNIQUE_NAME>
                    <HIERARCHY_UNIQUE_NAME>[Region].[Region]</HIERARCHY_UNIQUE_NAME>
                    <MEMBER_NAME>North</MEMBER_NAME>
                    <MEMBER_KEY>North</MEMBER_KEY>
                    <MEMBER_TYPE>1</MEMBER_TYPE>
                    <MEMBER_VALUE>North</MEMBER_VALUE>
                    <PARENT_LEVEL>0</PARENT_LEVEL>
                    <PARENT_COUNT>1</PARENT_COUNT>
                    <CHILDREN_CARDINALITY>0</CHILDREN_CARDINALITY>
                  </Member>
                  <Member Hierarchy="[ProductCategory].[ProductCategory]">
                    <UName>[ProductCategory].[ProductCategory].&amp;[Category D]</UName>
                    <Caption>Category D</Caption>
                    <LName>[ProductCategory].[ProductCategory].[ProductCategory]</LName>
                    <LNum>1</LNum>
                    <DisplayInfo>3</DisplayInfo>
                    <PARENT_UNIQUE_NAME>[ProductCategory].[ProductCategory].[All]</PARENT_UNIQUE_NAME>
                    <HIERARCHY_UNIQUE_NAME>[ProductCategory].[ProductCategory]</HIERARCHY_UNIQUE_NAME>
                    <MEMBER_NAME>Category D</MEMBER_NAME>
                    <MEMBER_KEY>Category D</MEMBER_KEY>
                    <MEMBER_TYPE>1</MEMBER_TYPE>
                    <MEMBER_VALUE>Category D</MEMBER_VALUE>
                    <PARENT_LEVEL>0</PARENT_LEVEL>
                    <PARENT_COUNT>1</PARENT_COUNT>
                    <CHILDREN_CARDINALITY>0</CHILDREN_CARDINALITY>
                  </Member>
                </Tuple>
              </Tuples>
            </Axis>
            <Axis name="SlicerAxis">
              <Tuples>
                <Tuple>
                  <Member Hierarchy="[Measures]">
                    <UName>[Measures].[Total Sales]</UName>
                    <Caption>Total Sales (SEK)</Caption>
                    <LName>[Measures].[MeasuresLevel]</LName>
                    <LNum>0</LNum>
                    <DisplayInfo>131072</DisplayInfo>
                  </Member>
                </Tuple>
              </Tuples>
            </Axis>
          </Axes>
          <CellData>
            <Cell CellOrdinal="0">
              <Value xsi:type="xsd:double">100000</Value>
              <FormatString>#,##0.00 SEK</FormatString>
              <BackColor></BackColor>
              <ForeColor></ForeColor>
            </Cell>
            <Cell CellOrdinal="1">
              <Value xsi:type="xsd:double">150000</Value>
              <FormatString>#,##0.00 SEK</FormatString>
              <BackColor></BackColor>
              <ForeColor></ForeColor>
            </Cell>
            <Cell CellOrdinal="2">
              <Value xsi:type="xsd:double">200000</Value>
              <FormatString>#,##0.00 SEK</FormatString>
              <BackColor></BackColor>
              <ForeColor></ForeColor>
            </Cell>
            <Cell CellOrdinal="3">
              <Value xsi:type="xsd:double">200000</Value>
              <FormatString>#,##0.00 SEK</FormatString>
              <BackColor></BackColor>
              <ForeColor></ForeColor>
            </Cell>
          </CellData>
        </root>
      </return>
    </ExecuteResponse>
  </soap:Body>
</soap:Envelope>
